,,,,,,,SHOOT COUNTS 2012 ABR15FS,,,,EMERGENCE  2012 ABR15FS,,,,,,,,,,,,,,,,,,Canopy Height 2012,,,,,,,,,,,,,,,,,,,,,,,,,,,,,,,,,"Sarah's crude Flowering Scores (a- A stage, f- flowering) ABR15FS 2012",,,,,,,,,,,,,,,,,,,,,,Flowering Scores - Breeders system ABR15FS 2012,,,,
,,,,,,,,,,,,,,,,,,,,,,,,,,,,,,,,,,,,,,,,,,,,,,,,,,,,,,,,,,,,,,,,,,,,,,,,,,,,,,,,,,,,,,,,
,,,,,,,Date,Date,Date,,Date,Date,Date,Date,Date,Date,Date,Date,Date,Date,Date,Date,Date,Date,Date,Date,Date,,Date,Date,Date,Date,Date,Date,Date,Date,Date,Date,Date,Date,Date,Date,Date,Date,Date,Date,Date,Date,Date,Date,Date,Date,Date,Date,Date,Date,Date,Date,Date,,,Date,Date,Date,Date,Date,Date,Date,Date,Date,Date,Date,Date,Date,Date,Date,Date,Date,Date,Date,Date,Date,,Date,Date,Date,Date,Date
,,,,,,,120312,190312,190312,,260312,20412,100412,160412,230412,300412,70512,140512,210512,280512,60612,110612,180612,250612,20712,90712,160712,,100412,160412,230412,300412,70512,140512,210512,280512,60612,110612,180612,250612,20712,90712,160712,230712,300712,60812,130812,200812,280812,40912,100912,170912,260912,31012,91012,171012,221012,291012,51112,,,180612,250612,20712,90712,160712,230712,300712,60812,130812,200812,280812,40912,100912,170912,260912,31012,91012,171012,221012,291012,51112,,171012,221012,291012,51112,131112
,,,,,,,,,,,,,,,,,,,,,,,,,,,,,,,,,,,,,,,,,,,,,,,,,,,,,,,,,,,,,,,,,,,,,,,,,,,,,,,,,,,,,,,,
BLOCK,ROW,COLUMN,UID,Mx Number,Block,,ShootCountsDoY72,ShootCountsDoY79,79,,86,93,101,107,114,121,128,135,142,149,158,163,170,177,184,191,198,,101,107,114,121,128,135,142,149,158,163,170,177,184,191,198,205,212,219,226,233,241,248,254,261,270,277,283,291,296,303,310,,,170,177,184,191,198,205,212,219,226,233,241,248,254,261,270,277,283,291,296,303,310,,291,296,303,310,318
1,1,1,27801, - Mx 1553#114,1,,0,3,,0       nothing,1,1,2,2,2,2,3,3,3,,,,,,,,,,,,,,,,,20,20,25,30,30,30,30,30,30,30,30,25,25,25,25,25,25,25,25,25,25,25,25,25,,,,,,,,,,,,,,,,,,,,,,,,0 - vegetative,0,0,0,0,0
1,1,2,27810, - Mx 1553#101,1,,1,6,,1 up to 10cm,1,2,3,3,3,,,,,,,,,,,,,,,20,20,20,25,25,25,25,35,45,50,60,65,70,75,85,90,90,95,95,105,110,110,115,120,120,120,120,120,115,115,,,,,,,,,,,,,,,,a,a,a,a,f,f,f,f,1 - Flag leaf,3,3,4,4,4
1,1,3,27819, - Mx 1553#25,1,,0,4,,2 up to 15cm,1,2,2,3,3,3,3,,,,,,,,,,,,,,,,,20,20,25,30,35,35,40,45,50,60,65,65,70,70,80,90,95,95,95,90,90,90,90,90,90,90,,,,,,,,,,,,,,,a,a,a,f,f,f,f,f,f,2 - Panicle emergence,3,3,3,4,4
1,1,4,27827, - Mx 1553#1,1,,13,14,2,3 up to 20cm,2,2,2,3,3,3,,,,,,,,,,,,,,,,,20,20,20,25,35,40,45,45,55,60,70,75,80,85,85,85,90,90,95,95,100,100,100,100,100,95,95,,,,,,,,,,,,,,,,,,,,,,,,3 - Anthesis,0,0,0,0,0
1,1,5,27835, - Mx 1553#45,1,,5,10,,chgt 20cm plus,1,1,2,2,3,3,3,,,,,,,,,,,,,,,,,20,20,20,25,25,30,30,35,40,40,40,40,45,50,55,55,55,55,55,55,55,55,55,55,50,50,,,,,,,,,,,a,a,f,f,f,f,f,f,f,f,f,f,f,4 - Seed set,4,4,4,4,4
1,1,6,aBR 15 fS B1-R1 C6, - Goliath,1,,0,0,,,0,0,0,0,0,0,0,0,0,0,0,0,0,0,0,0,0,,,,,,,,,,,,,,,,,,,,,,,,,,,,,,,,,,,,,,,,,,,,,,,,,,,,,,,,,,,,,
1,1,7,27852, - Mx 1553#28,1,,2,3,3,,1,2,2,3,3,3,3,,,,,,,,,,,,,,,,,20,20,20,25,35,35,40,45,45,50,55,60,65,70,75,80,85,85,85,85,85,85,85,85,85,85,,,,,,,,,,,,,,a,a,a,a,f,f,f,f,f,f,,3,3,4,4,4
1,1,8,27861, - Mx 1553#79,1,,0,0,,,1,1,2,2,2,3,3,,,,,,,,,,,,,,,,,20,20,25,30,35,40,45,45,50,60,65,65,65,70,75,75,75,75,80,80,80,80,80,80,80,80,,,,,,,,,,,,,a,a,a,f,f,f,f,f,f,f,f,,3,3,4,4,4
1,1,9,27870, - Mx 1553#105,1,,0,0,,,1,1,1,2,2,3,,,,,,,,,,,,,,,,,20,20,25,25,30,35,35,40,45,50,60,60,65,65,70,75,80,80,80,85,85,85,85,85,85,80,80,,,,,,,,,,,,a,a,a,a,f,f,f,f,f,f,f,f,,4,4,4,4,4
1,1,10,27878, - Mx 1553#48,1,,0,9,3,,1,2,2,3,3,3,3,3,3,,,,,,,,,,,,,,,,,20,30,35,40,50,55,70,75,80,85,90,95,95,100,105,105,105,105,105,105,105,105,105,105,,,,,,,,,,,,,,,a,a,a,a,f,f,f,f,f,,2,3,3,4,4
1,1,11,27887, - Mx 1553#120,1,,20,27,2,,1,2,2,2,2,3,3,,,,,,,,,,,,,,,,,20,20,25,30,35,40,45,45,50,60,65,65,70,70,75,75,75,75,75,75,75,75,75,75,75,75,,,,,,,,,,,,,,a,a,a,a,f,f,f,f,f,f,,3,3,4,4,4
1,1,12,27895, - Mx 1553#74,1,,0,4,2,,1,1,1,2,2,3,3,,,,,,,,,,,,,,,,,20,20,25,35,35,40,50,55,60,70,70,75,80,85,85,90,90,95,95,95,95,95,95,95,95,90,,,,,,,,,,,,a,a,a,a,f,f,f,f,f,f,f,f,,4,4,4,4,4
1,2,12,aBR 15 fS B1-R2 C12, - Goliath,1,,6,7,,,2,3,3,3,3,,,,,,,,,,,,,,25,25,30,35,40,40,45,55,70,75,85,90,95,105,115,120,120,120,120,120,120,120,120,115,115,115,115,115,115,115,115,,,,,,,,,a,f,f,f,f,f,f,f,f,f,f,f,f,f,f,,4,4,4,4,4
1,2,11,aBR 15 fS B1-R2 C11, - Goliath,1,,0,0,,,0,0,0,0,0,0,0,0,0,0,0,0,0,0,0,0,0,,,,,,,,,,,,,,,,,,,,,,,,,,,,,,,,,,,,,,,,,,,,,,,,,,,,,,,,,,,,,
1,2,10,27879, - Mx 1553#4,1,,8,12,5,,2,2,2,3,3,,,,,,,,,,,,,,,,20,20,20,25,25,30,45,45,50,55,60,65,75,80,80,85,90,90,95,95,95,95,100,105,105,105,105,100,100,,,,,,,,,,,,,,,a,a,f,f,f,f,f,f,f,,3,3,3,4,4
1,2,9,27871, - Mx 1553#77,1,,9,22,2,,2,2,2,3,3,,,,,,,,,,,,,,,,20,20,25,25,25,30,40,45,50,60,65,70,80,85,90,95,100,100,105,110,110,110,110,110,110,110,110,110,110,,,,,,,,,,,,a,a,f,f,f,f,f,f,f,f,f,f,,4,4,4,4,4
1,2,8,27862, - Mx 1553#110,1,,19 inc 2 new,26,3,,2,2,2,2,3,3,,,,,,,,,,,,,,,,,20,20,20,25,35,40,45,50,50,60,65,70,75,80,80,85,90,95,95,95,100,100,100,100,100,100,100,,,,,,,,,,,,,a,a,a,a,f,f,f,f,f,f,f,,4,4,4,4,4
1,2,7,27853, - Mx 1553#6,1,,15,25,10,,2,2,2,3,3,3,,,,,,,,,,,,,,,,,20,20,20,30,30,35,40,45,50,55,60,60,65,65,65,65,70,75,75,75,75,75,75,75,75,75,75,,,,,,,,,,,,,a,a,a,f,f,f,f,f,f,f,f,,4,4,4,4,4
1,2,6,27844, - Mx 1553#36,1,,7,13,9,,2,2,2,3,3,,,,,,,,,,,,,,,,,20,25,25,30,40,50,55,65,75,75,85,95,105,105,110,120,120,125,125,125,130,130,130,130,135,135,135,135,,,,,,,,,,,,,,,,a,a,a,f,f,f,f,f,,3,3,3,4,4
1,2,5,27836, - Mx 1553#43,1,,1,8,1,,1,2,2,2,3,3,,,,,,,,,,,,,,,,,20,20,20,25,35,40,45,50,55,65,75,80,80,85,90,90,95,100,100,100,95,95,95,95,95,95,95,,,,,,,,,,,,,a,a,a,a,f,f,f,f,f,f,f,,3,3,4,4,4
1,2,4,27828, - Mx 1553#3,1,,18,24,4,,2,2,2,3,3,3,3,,,,,,,,,,,,,,,,,20,20,25,35,35,40,45,50,50,60,60,60,65,65,70,70,75,75,75,80,80,75,75,75,75,75,,,,,,,,,,,,,,,,,,,,,,,,,0,0,0,0,0
1,2,3,27820, - Mx 1553#116,1,,15 inc 5 new,20,4,,2,2,2,2,3,3,3,,,,,,,,,,,,,,,,,20,20,25,35,35,40,45,45,50,60,60,60,60,60,60,65,65,65,65,65,65,60,60,60,60,60,,,,,,,,,,,,,,,,,,,,,,,,,0,0,0,0,0
1,2,2,27811, - Mx 1553#55,1,,4,5,2,,1,2,2,3,3,,,,,,,,,,,,,,,,,20,20,20,20,25,35,35,35,40,45,45,55,60,60,60,65,70,75,75,75,80,80,80,80,80,80,80,75,,,,,,,,,,,a,a,a,a,a,f,f,f,f,f,f,f,f,,4,4,4,4,4
1,2,1,27802, - Mx 1553#12,1,,34 inc 2 new,40,,,2,3,3,3,3,,,,,,,,,,,,,,20,20,20,25,25,25,25,25,30,35,40,40,50,55,65,70,75,80,85,85,90,95,95,95,100,100,100,100,100,100,100,,,,,,,,,,,,,a,f,f,f,f,f,f,f,f,f,f,,4,4,4,4,4
1,3,1,27803, - Mx 1553#47,1,,1,13,,,1,2,2,3,3,3,3,,,,,,,,,,,,,,,,,20,25,30,40,45,50,60,60,70,80,90,95,95,105,105,105,110,110,110,110,110,110,105,105,105,105,,,,,,,,,,,,,a,a,a,f,f,f,f,f,f,f,f,,4,4,4,4,4
1,3,2,27812, - Mx 1553#115,1,,2,4,,,1,2,2,2,2,2,2,3,3,3,,,,,,,,,,,,,,,,,20,20,20,25,30,30,35,40,40,45,50,55,50,55,55,55,55,55,55,55,55,50,50,,,,,,,,,,a,a,a,a,f,f,f,f,f,f,f,f,f,f,,4,4,4,4,4
1,3,3,27821, - Mx 1553#66,1,,4,8,1,,2,2,2,2,2,2,2,3,3,3,,,,,,,,,,,,,,,,,20,20,20,20,25,25,30,30,35,35,35,35,35,40,45,45,45,40,40,40,40,40,40,,,,,,,,,,,,,,,,,a,a,a,a,a,a,a,,1,1,1,1,1
1,3,4,aBR 15 fS B1-R3 C4, - Goliath,1,,1,4,,,2,3,3,3,3,,,,,,,,,,,,,,20,25,30,30,35,35,35,45,50,55,65,70,75,85,90,100,100,100,100,100,100,100,105,100,95,95,95,95,95,95,95,,,,,,,,,f,f,f,f,f,f,f,f,f,f,f,f,f,f,f,,4,4,4,4,4
1,3,5,27837, - Mx 1553#23,1,,0,5,3,,2,2,3,3,3,3,,,,,,,,,,,,,,,,,20,20,25,30,35,40,45,50,55,60,75,80,85,85,85,85,90,90,90,95,95,95,95,95,95,90,90,,,,,,,,,,,,a,a,a,a,f,f,f,f,f,f,f,f,,4,4,4,4,4
1,3,6,27845, - Mx 1553#37,1,,5,9,1,,1,2,2,2,2,3,3,,,,,,,,,,,,,,,,,20,20,20,25,25,30,35,40,40,50,50,55,55,60,60,65,65,65,60,60,60,60,60,60,60,60,,,,,,,,,,,a,a,a,a,f,f,f,f,f,f,f,f,f,,4,4,4,4,4
1,3,7,27854, - Mx 1553#71,1,,0,0,,,1,1,2,2,2,2,2,3,3,,,,,,,,,,,,,,,,,20,25,25,30,35,40,40,45,50,50,55,60,65,65,65,65,65,60,60,65,65,65,60,60,,,,,,,,,,,,,,a,a,a,a,f,f,f,f,f,f,,3,3,4,4,4
1,3,8,27863, - Mx 1553#109,1,,0,6,,,1,2,2,3,3,,,,,,,,,,,,,,,20,20,20,20,20,20,25,35,40,45,55,60,65,75,80,80,85,90,90,95,100,100,105,105,105,105,105,105,105,105,,,,,,,,,,,,,,,a,a,a,a,f,f,f,f,f,,2,3,3,4,4
1,3,9,27872, - Mx 1553#89,1,,0,12,,,2,2,2,3,3,3,3,,,,,,,,,,,,,,,,,20,20,25,30,35,40,45,50,55,65,70,70,80,80,85,90,95,95,100,100,95,95,95,95,95,90,,,,,,,,,,,a,a,a,f,f,f,f,f,f,f,f,f,f,,4,4,4,4,4
1,3,10,27880, - Mx 1553#73,1,,3,9,6,,2,2,3,3,3,,,,,,,,,,,,,,,,20,20,20,25,30,35,45,50,50,60,65,65,75,80,80,85,85,85,90,90,90,90,90,90,90,90,90,90,90,,,,,,,,,,,a,a,a,f,f,f,f,f,f,f,f,f,f,,4,4,4,4,4
1,3,11,27888, - Mx 1553#7,1,,3,11,,,1,2,2,3,3,3,3,,,,,,,,,,,,,,,,,20,20,25,30,35,35,45,50,55,65,65,70,75,80,80,85,85,85,85,85,90,90,90,90,85,85,,,,,,,,,,,,,,a,a,f,f,f,f,f,f,f,f,,3,3,3,4,4
1,3,12,27896, - Mx 1553#2,1,,11 inc 6 new,13,6,,2,2,2,3,3,,,,,,,,,,,,,,,,,20,20,25,25,30,35,35,40,50,50,55,65,70,75,80,85,85,95,95,95,95,95,95,95,95,95,95,95,,,,,,,,,,,,,a,a,a,a,f,f,f,f,f,f,f,,3,3,3,4,4
1,4,12,27897, - Mx 1553#10,1,,17 inc 3 new,26,6,,2,3,3,3,3,,,,,,,,,,,,,,,20,20,20,20,20,25,25,30,40,45,50,55,60,70,80,80,85,90,90,100,105,105,110,110,110,105,105,105,105,105,,,,,,,,,,,,,a,a,a,f,f,f,f,f,f,f,f,,4,4,4,4,4
1,4,11,27889, - Mx 1553#103,1,,0,0,,,0,0,0,0,0,0,0,0,0,0,0,0,0,0,0,0,0,,,,,,,,,,,,,,,,,,,,,,,,,,,,,,,,,,,,,,,,,,,,,,,,,,,,,,,,,,,,,
1,4,10,27881, - Mx 1553#20,1,,0,0,,,0,0,0,0,0,0,0,0,0,0,0,0,0,0,0,0,0,,,,,,,,,,,,,,,,,,,,,,,,,,,,,,,,,,,,,,,,,,,,,,,,,,,,,,,,,,,,,
1,4,9,27873, - Mx 1553#5,1,,8,20,3,,1,1,1,1,2,2,2,2,2,2,2,2,3,3,3,,,,,,,,,,,,,,,,,20,20,20,20,20,20,20,20,20,20,20,20,20,20,20,20,20,20,,,,,,,,,,,,,,,,,,,,,,,,,0,0,0,0,0
1,4,8,27864, - Mx 1553#80,1,,6 inc 2 new,23,3,,1,2,2,3,3,3,,,,,,,,,,,,,,,,,20,20,25,25,40,45,50,55,60,60,75,80,80,85,85,85,90,95,90,95,95,95,95,95,95,90,95,,,,,,,,,,,,a,f,f,f,f,f,f,f,f,f,f,f,,4,4,4,4,4
1,4,7,27855, - Mx 1553#86,1,,7 inc 3 new,8,8,,2,2,2,3,3,3,,,,,,,,,,,,,,,,,20,20,20,25,25,30,35,35,40,40,50,50,55,55,60,65,70,75,70,70,70,70,70,70,70,70,70,,,,,,,,,,,,,,a,a,f,f,f,f,f,f,f,f,,4,4,4,4,4
1,4,6,27846, - Mx 1553#90,1,,0,5,1,,2,2,2,2,2,3,3,3,3,,,,,,,,,,,,,,,,,20,20,20,25,30,35,35,35,35,40,35,35,40,40,40,40,45,45,45,45,45,45,45,45,,,,,,,,,,,,,,,,,a,a,a,a,a,a,a,,1,1,1,1,1
1,4,5,27838, - Mx 1553#15,1,,4 inc 1 new,6,2,,1,2,2,3,3,3,,,,,,,,,,,,,,,,,20,20,20,25,30,40,45,45,45,45,55,60,65,65,70,75,80,85,85,85,85,85,80,80,80,80,80,,,,,,,,,,,a,a,a,a,f,f,f,f,f,f,f,f,f,,4,4,4,4,4
1,4,4,27829, - Mx 1553#32,1,,0,4,3,,1,1,2,2,2,2,2,3,3,3,3,,,,,,,,,,,,,,,,,20,20,25,30,30,35,35,35,35,40,40,45,50,50,50,50,50,50,50,50,45,45,,,,,,,,,,,,,,,,,,,,,,,,,0,0,0,0,0
1,4,3,27822, - Mx 1553#61,1,,4 inc 2 new,15,3,,1,2,2,3,3,3,,,,,,,,,,,,,,,,,20,20,20,25,30,40,45,45,55,60,65,65,65,70,75,80,80,85,85,85,90,95,95,90,90,85,85,,,,,,,,,,,,,,,a,a,a,f,f,f,f,f,f,,3,3,3,4,4
1,4,2,27813, - Mx 1553#75,1,,4,5,2,,2,2,2,2,2,2,3,3,,,,,,,,,,,,,,,,,20,20,25,30,30,35,40,45,50,50,50,50,55,60,60,60,60,60,60,60,60,60,60,60,60,,,,,,,,,,,,,,,,,a,a,a,a,a,a,a,,1,1,1,1,1
1,4,1,27804, - Mx 1553#24,1,,18,28,4,,2,2,2,3,3,,,,,,,,,,,,,,,,20,20,25,25,25,35,55,55,60,70,85,85,100,105,105,110,115,120,125,125,120,125,125,120,125,120,120,120,120,,,,,,,,,,,,a,a,a,a,f,f,f,f,f,f,f,f,,4,4,4,4,4
1,5,1,27805, - Mx 1553#17,1,,5 inc 2 new,8,3,,2,2,2,3,3,,,,,,,,,,,,,,,,20,20,20,20,20,20,30,35,40,45,50,55,65,70,75,80,85,90,100,100,105,105,100,100,100,100,100,100,100,,,,,,,,,,,,a,a,a,a,f,f,f,f,f,f,f,f,,4,4,4,4,4
1,5,2,27814, - Mx 1553#97,1,,5,9,2,,2,2,3,3,3,3,,,,,,,,,,,,,,,,,20,20,20,20,30,35,35,40,50,55,65,70,75,80,90,90,95,100,100,95,100,100,100,100,95,95,95,,,,,,,,,,,,a,a,f,f,f,f,f,f,f,f,f,f,,4,4,4,4,4
1,5,3,27823, - Mx 1553#57,1,,7 inc 3 new,10,6,,2,2,2,3,3,3,3,3,,,,,,,,,,,,,,,,,20,20,25,30,35,40,45,45,50,50,55,60,60,60,65,70,70,70,70,70,70,65,65,65,65,,,,,,,,,,f,f,,a,a,f,f,f,f,f,f,f,f,f,,4,4,4,4,4
1,5,4,27830, - Mx 1553#67,1,,0,4,4,,1,1,1,1,2,3,3,3,,,,,,,,,,,,,,,,,20,25,30,30,35,40,45,45,50,50,55,55,60,60,65,65,65,65,70,70,70,70,70,70,70,,,,,,,,,,,,,,,,a,a,a,a,f,f,f,f,,2,2,2,2,2
1,5,5,27839, - Mx 1553#88,1,,3,12,2,,2,2,3,3,3,,,,,,,,,,,,,,,,20,20,20,20,25,30,35,40,45,50,50,55,65,65,70,70,75,80,80,85,85,90,90,90,90,90,90,85,85,,,,,,,,,,,,a,a,a,a,f,f,f,f,f,f,f,f,,4,4,4,4,4
1,5,6,27847, - Mx 1553#51,1,,7,12,,,1,2,2,2,3,3,3,,,,,,,,,,,,,,,,,20,20,25,30,30,35,35,40,45,50,50,50,55,60,60,60,60,60,60,60,60,60,60,60,60,60,,,,,,,,,,,,,,,a,a,a,a,a,a,a,a,a,,1,1,1,1,1
1,5,7,27856, - Mx 1553#94,1,,2,5,2,,2,2,2,3,3,3,,,,,,,,,,,,,,,,,20,20,20,25,30,35,40,45,50,55,65,75,80,85,95,95,100,105,105,100,100,100,100,100,100,100,100,,,,,,,,,,,,a,a,a,a,f,f,f,f,f,f,f,f,,4,4,4,4,4
1,5,8,27865, - Mx 1553#8,1,,0,3,,,2,3,3,3,3,,,,,,,,,,,,,,,20,20,25,25,30,30,35,45,55,60,65,65,70,75,85,85,90,95,90,95,100,95,100,100,100,100,100,100,95,95,,,,,,,,,,,,,,,,,,,,,,,,,0,0,0,0,0
1,5,9,27874, - Mx 1553#22,1,,12 inc 2 new,22,2,,2,2,3,3,3,,,,,,,,,,,,,,,20,20,20,20,25,25,30,40,45,55,60,65,70,80,85,90,95,95,90,100,100,95,95,90,90,90,90,90,90,90,,,,,,,,,,,,a,f,f,f,f,f,f,f,f,f,f,f,,4,4,4,4,4
1,5,10,27882, - Mx 1553#92,1,,8,17,2,,2,2,2,3,3,,,,,,,,,,,,,,,,,20,20,20,25,35,50,55,65,75,75,85,90,100,105,105,105,105,110,110,110,110,110,110,110,110,110,110,110,,,,,,,,,,,,a,a,a,a,f,f,f,f,f,f,f,f,,4,4,4,4,4
1,5,11,27890, - Mx 1553#84,1,,1,4,2,,1,2,2,2,2,3,3,3,,,,,,,,,,,,,,,,,20,20,25,30,35,40,45,50,60,60,65,70,75,80,85,90,90,95,95,100,95,90,90,90,90,,,,,,,,,,,,,,a,a,a,a,f,f,f,f,f,f,,3,3,3,3,4
1,5,12,27898, - Mx 1553#60,1,,0,14,3,,1,2,2,2,3,3,3,,,,,,,,,,,,,,,,,20,20,25,30,35,40,45,50,55,60,60,65,70,75,75,80,85,85,90,90,90,90,90,90,90,90,,,,,,,,,,,,,,a,a,a,f,f,f,f,f,f,f,,3,4,4,4,4
1,6,12,27899, - Mx 1553#82,1,,15 inc 5 new,34,2,,2,3,3,3,3,,,,,,,,,,,,,,,20,20,20,25,25,30,40,50,60,65,75,75,80,95,95,100,100,105,105,105,105,110,110,115,115,115,115,115,115,115,,,,,,,,,,,,,,,a,a,a,a,f,f,f,f,f,,3,3,3,4,4
1,6,11,27891, - Mx 1553#104,1,,1,2,,,1,1,1,2,3,,,,,,,,,,,,,,,,,20,20,20,25,30,40,45,50,55,55,60,75,80,80,85,90,90,95,100,100,105,105,105,105,105,105,105,105,,,,,,,,,,,,a,a,a,a,f,f,f,f,f,f,f,f,,4,4,4,4,4
1,6,10,27883, - Mx 1553#59,1,,6,8,,,2,2,2,3,3,,,,,,,,,,,,,,,,,20,20,20,25,25,30,30,35,35,40,45,50,55,55,60,65,70,80,80,80,85,85,85,85,85,85,85,85,,,,,,,,,,,,,a,a,a,a,a,a,a,a,a,a,a,,1,1,1,1,1
1,6,9,27875, - Mx 1553#119,1,,5,12,2,,2,2,2,3,3,,,,,,,,,,,,,,,,,20,20,20,25,30,40,45,50,60,60,70,80,85,85,90,95,100,105,110,110,110,110,115,115,115,115,115,115,,,,,,,,,,a,a,a,a,f,f,f,f,f,f,f,f,f,f,,4,4,4,4,4
1,6,8,27866, - Mx 1553#98,1,,2,14,3,,1,2,2,3,3,3,3,,,,,,,,,,,,,,,,,20,20,25,25,35,35,40,40,45,50,55,55,55,55,60,65,70,65,70,70,70,65,65,65,65,65,,,,,,,,,,,,,,,,,,,,,,,,,0,0,0,0,0
1,6,7,27857, - Mx 1553#39,1,,2,10,2,,1,2,2,3,3,,,,,,,,,,,,,,,,20,20,25,25,30,40,50,60,60,70,80,85,95,105,105,115,115,115,120,120,120,120,120,125,120,120,120,120,120,,,,,,,,,,,,,,,a,a,f,f,f,f,f,f,f,,3,3,3,4,4
1,6,6,27848, - Mx 1553#78,1,,0,0,,,0,1,1,2,2,2,3,3,3,,,,,,,,,,,,,,,,,20,20,20,20,20,25,25,25,30,30,30,30,30,30,30,30,30,30,30,30,30,30,30,30,,,,,,,,,,,,,,,,,,,,,,,,,0,0,0,0,0
1,6,5,27840, - Mx 1553#118,1,,0,0,,,0,0,0,0,0,0,0,0,0,0,0,0,0,0,0,0,0,,,,,,,,,,,,,,,,,,,,,,,,,,,,,,,,,,,,,,,,,,,,,,,,,,,,,,,,,,,,,
1,6,4,27831, - Mx 1553#95,1,,0,0,,,0,0,0,0,0,0,0,0,0,0,0,0,0,0,0,0,0,,,,,,,,,,,,,,,,,,,,,,,,,,,,,,,,,,,,,,,,,,,,,,,,,,,,,,,,,,,,,
1,6,3,27824, - Mx 1553#117,1,,9 inc 1 new,12,2,,1,2,2,3,3,3,3,3,,,,,,,,,,,,,,,,,20,20,25,30,30,35,40,45,55,55,60,60,65,70,80,80,80,80,80,80,75,75,75,75,75,,,,,,,,,,,,a,a,f,f,f,f,f,f,f,f,f,f,,4,4,4,4,4
1,6,2,aBR 15 fS B1-R6 C2, - Mx 1553#112,1,,0,1,,,1,1,1,1,2,2,2,2,2,2,3,3,,,,,,,,,,,,,,,,,20,20,20,25,25,30,30,30,30,35,35,35,40,40,40,40,40,40,40,40,40,,,,,,,,,,,,,,,,,,a,a,a,a,a,a,,1,1,1,1,1
1,6,1,27806, - Mx 1553#102,1,,1,3,4,,1,2,2,3,3,3,3,3,,,,,,,,,,,,,,,,,20,25,30,30,35,40,40,45,55,60,65,65,70,75,80,80,80,85,85,85,85,85,85,85,85,,,,,,,,,,,,a,a,a,f,f,f,f,f,f,f,f,f,,4,4,4,4,4
1,7,1,27807, - Mx 1553#76,1,,1,1,1,,1,1,1,2,2,2,3,3,,,,,,,,,,,,,,,,,20,25,30,35,40,45,55,60,65,75,80,80,90,90,95,100,100,95,95,95,95,95,95,95,95,,,,,,,,,,,,a,a,a,f,f,f,f,f,f,f,f,f,,4,4,4,4,4
1,7,2,27816, - Mx 1553#113,1,,0,8,3,,2,2,2,3,3,,,,,,,,,,,,,,,,,20,20,20,25,30,40,40,40,50,55,60,65,65,70,75,75,90,95,90,90,85,85,85,85,85,80,80,80,,,,,,,,,,,,f,f,f,f,f,f,f,f,f,f,f,f,,4,4,4,4,4
1,7,3,aBR 15 fS B1-R7 C3,Giganteus,1,,6,15,,,1,2,2,2,3,3,3,,,,,,,,,,,,,,,,,20,20,20,20,25,30,35,40,40,45,45,45,45,45,45,50,50,45,45,45,45,45,45,45,45,45,,,,,,,,,,,,,,,,,,,,,,,,,0,0,0,0,0
1,7,4,27832, - Mx 1553#42,1,,10,17,,,1,1,1,2,2,3,3,3,,,,,,,,,,,,,,,,,20,20,20,20,25,25,25,25,30,30,30,30,40,40,35,35,35,40,35,30,30,30,30,30,30,,,,,,,,,,a,a,a,a,f,f,f,f,f,f,f,f,f,f,,4,4,4,4,4
1,7,5,27841, - Mx 1553#40,1,,0,1,1,,1,1,2,3,3,3,,,,,,,,,,,,,,,,,20,20,25,25,30,35,35,35,40,40,50,55,60,65,70,75,80,80,80,80,80,80,80,80,80,80,80,,,,,,,,,,,,,,,,,,,,,,,,,0,0,0,0,0
1,7,6,27849, - Mx 1553#68,1,,1,4,1,,1,1,2,2,2,2,2,3,3,,,,,,,,,,,,,,,,,20,20,20,25,25,30,35,40,45,45,55,60,65,70,70,70,70,70,70,75,75,70,70,70,,,,,,,,,,,,,a,a,a,f,f,f,f,f,f,f,f,,3,3,3,4,4
1,7,7,27858, - Mx 1553#14,1,,3 new,4,3,,1,1,1,2,2,2,3,3,3,,,,,,,,,,,,,,,,,20,20,20,20,25,30,30,35,35,40,45,45,50,55,60,60,60,60,60,60,60,60,60,60,,,,,,,,,,,,a,a,a,a,a,f,f,f,f,f,f,f,,4,4,4,4,4
1,7,8,27867, - Mx 1553#69,1,,8,26,3,,2,2,3,3,3,,,,,,,,,,,,,,,20,20,25,25,25,25,35,45,55,60,70,75,85,95,100,105,110,110,115,120,120,120,125,125,120,120,120,120,120,120,,,,,,,,,,,,,a,a,a,f,f,f,f,f,f,f,f,,3,3,3,4,4
1,7,9,27876, - Mx 1553#16,1,,9 inc 1 new,14,4,,1,2,2,3,3,,,,,,,,,,,,,,,,20,20,20,20,20,25,30,35,40,45,45,55,60,60,70,75,80,80,85,90,85,85,85,85,85,85,80,80,80,,,,,,,,,,,,a,f,f,f,f,f,f,f,f,f,f,f,,4,4,4,4,4
1,7,10,27884, - Mx 1553#81,1,,1,2,,,1,1,2,3,3,3,3,3,3,,,,,,,,,,,,,,,,,20,20,20,25,30,30,30,40,40,40,45,50,50,50,50,50,55,55,55,55,55,50,50,50,,,,,,,,,,,a,a,a,a,f,f,f,f,f,f,f,f,f,,4,4,4,4,4
1,7,11,27892, - Mx 1553#26,1,,0,0,,,0,0,0,0,0,0,0,0,0,0,0,0,0,0,0,0,0,,,,,,,,,,,,,,,,,,,,,,,,,,,,,,,,,,,,,,,,,,,,,,,,,,,,,,,,,,,,,
1,7,12,27900, - Mx 1553#44,1,,7,15,,,1,2,2,2,2,3,3,3,,,,,,,,,,,,,,,,,20,20,25,25,30,35,35,35,40,45,45,45,50,50,50,55,55,55,55,55,55,55,55,55,55,,,,,,,,,,,,,,,,,,,,,,,,,0,0,0,0,0
1,8,12,27901, - Mx 1553#91,1,,11 inc 4 new,13,4,,2,2,2,3,3,3,3,,,,,,,,,,,,,,,,,20,20,25,25,30,35,40,40,45,50,55,60,60,60,65,65,70,70,75,70,65,65,65,65,65,65,,,,,,,,,,,,,,,a,a,a,a,f,f,f,f,f,,3,3,3,4,4
1,8,11,27893, - Mx 1553#99,1,,7,24,,,2,2,3,3,3,3,,,,,,,,,,,,,,,,,20,20,20,25,30,35,40,45,50,60,75,80,85,85,85,90,95,95,95,100,100,100,100,100,100,100,100,,,,,,,,,,,,,,,a,a,f,f,f,f,f,f,f,,3,3,3,4,4
1,8,10,27885, - Mx 1553#72,1,,4,13,,,2,2,2,2,3,3,3,,,,,,,,,,,,,,,,,20,20,25,30,35,40,45,45,50,55,65,65,65,65,70,80,80,85,85,85,85,85,80,80,80,80,,,,,,,,,,,,,a,a,a,a,a,f,f,f,f,f,f,,4,4,3,4,4
1,8,9,27877, - Mx 1553#18,1,,9,37,3,,1,2,2,3,3,,,,,,,,,,,,,,,,20,20,25,25,25,30,35,40,40,50,50,50,60,65,70,75,75,75,75,80,80,85,85,85,85,80,80,80,80,,,,,,,,,,,a,a,a,f,f,f,f,f,f,f,f,f,f,,4,4,4,4,4
1,8,8,27868, - Mx 1553#93,1,,15,32,,,2,3,3,3,3,,,,,,,,,,,,,,20,20,20,20,25,25,30,35,45,55,60,65,75,85,95,95,100,105,110,110,115,115,115,115,115,115,110,110,110,110,110,,,,,,,,,,,a,a,a,f,f,f,f,f,f,f,f,f,f,,4,4,4,4,4
1,8,7,27859, - Mx 1553#41,1,,6,23,1,,2,3,3,3,3,,,,,,,,,,,,,,20,20,20,20,20,25,25,35,40,45,50,60,65,70,80,80,85,90,95,95,100,100,100,105,105,105,105,105,105,105,105,,,,,,,,,,,,a,f,f,f,f,f,f,f,f,f,f,f,,3,3,3,4,4
1,8,6,27850, - Mx 1553#53,1,,1,14,,,2,2,2,3,3,,,,,,,,,,,,,,,,20,20,20,25,30,40,50,60,65,75,80,95,105,105,105,110,115,110,120,120,120,120,115,115,115,110,110,110,110,,,,,,,,,,,,a,a,a,f,f,f,f,f,f,f,f,f,,3,3,3,4,4
1,8,5,27842, - Mx 1553#70,1,,7 inc 1 new,18,1,,2,2,2,3,3,,,,,,,,,,,,,,,,20,20,20,20,25,30,40,45,50,55,65,70,80,85,90,95,100,100,105,105,110,110,110,110,110,105,105,105,105,,,,,,,,,,,,a,a,f,f,f,f,f,f,f,f,f,f,,4,4,4,4,4
1,8,4,27833, - Mx 1553#34,1,,0,5,,,1,2,2,3,3,3,3,,,,,,,,,,,,,,,,,20,20,30,40,45,50,60,65,65,70,75,80,80,80,80,85,85,85,85,85,85,90,85,85,85,85,,,,,,,,,,,,,,,f,f,f,f,f,f,f,f,f,,3,3,3,3,4
1,8,3,27825, - Mx 1553#19,1,,5,18,,,1,1,1,2,3,3,,,,,,,,,,,,,,,,,20,20,20,25,35,40,40,50,55,60,65,65,70,75,75,80,80,85,85,90,90,90,90,90,85,85,85,,,,,,,,,,,,,,a,a,a,f,f,f,f,f,f,f,,3,3,3,3,4
1,8,2,27817, - Mx 1553#108,1,,2,9,2,,1,2,2,3,3,,,,,,,,,,,,,,,,20,20,25,25,30,35,45,45,50,60,65,70,75,75,80,85,90,95,95,95,95,100,95,95,95,95,95,95,95,,,,,,,,,,,a,a,a,a,f,f,f,f,f,f,f,f,f,,4,4,4,4,4
1,8,1,27808, - Mx 1553#27,1,,2,5,2,,1,1,2,2,3,3,3,,,,,,,,,,,,,,,,,20,20,30,35,40,45,55,55,65,70,75,75,80,80,80,85,85,85,85,85,85,85,85,85,85,85,,,,,,,,,,,,,,,,,,,,,,,,,0,0,0,0,0
1,9,1,27809, - Mx 1553#50,1,,3 new,2,3,,1,1,2,2,3,3,3,3,3,,,,,,,,,,,,,,,,,20,20,20,20,25,30,35,35,40,40,40,45,45,50,55,55,60,55,55,55,55,55,55,55,,,,,,,,,,,,,,,,,,,,,,,,,0,0,0,0,0
1,9,2,27818, - Mx 1553#11,1,,0,5,,,1,2,2,2,3,,,,,,,,,,,,,,,,20,20,20,25,30,35,50,55,60,70,75,80,90,95,100,105,105,105,105,105,110,110,110,110,110,110,110,110,110,,,,,,,,,,,,,a,a,f,f,f,f,f,f,f,f,f,,4,4,4,4,4
1,9,3,27826, - Mx 1553#100,1,,1,3,,,1,2,2,3,3,3,,,,,,,,,,,,,,,,,20,25,25,30,35,40,45,50,55,55,70,70,70,75,80,85,95,95,95,95,95,95,95,90,90,90,90,,,,,,,,,,a,a,f,f,f,f,f,f,f,f,f,f,f,f,,4,4,4,4,4
1,9,4,27834, - Mx 1553#35,1,,10,24,,,2,2,3,3,3,,,,,,,,,,,,,,,,20,20,20,20,25,30,40,40,45,50,60,65,70,75,75,80,85,85,90,90,95,95,95,95,95,95,95,95,95,,,,,,,,,,,,,,,,,a,a,a,a,a,a,a,,1,1,1,1,1
1,9,5,27843, - Mx 1553#46,1,,1,2,,,2,2,2,3,3,,,,,,,,,,,,,,,,20,20,20,20,25,30,35,40,45,50,50,55,65,70,75,80,85,90,95,100,100,100,100,100,100,100,100,100,100,,,,,,,,,,,,,,,,a,a,f,f,f,f,f,f,,3,3,3,3,4
1,9,6,27851, - Mx 1553#63,1,,7,21,4,,2,2,2,3,3,,,,,,,,,,,,,,,,20,20,20,25,30,35,45,45,55,60,65,70,80,85,90,95,100,100,100,105,105,105,105,105,105,105,105,105,105,,,,,,,,,,,,,a,a,a,f,f,f,f,f,f,f,f,,4,4,4,4,4
1,9,7,27860, - Mx 1553#9,1,,1,2,1,,1,1,1,2,2,3,3,3,,,,,,,,,,,,,,,,,20,20,25,30,30,30,35,40,40,40,40,45,50,55,55,55,60,60,60,60,60,60,60,60,60,,,,,,,,,,,,,,,,,,,,,,,,,0,0,0,0,0
1,9,8,27869, - Mx 1553#49,1,,2,15,3,,2,2,2,3,3,,,,,,,,,,,,,,,,,20,20,25,25,35,45,50,55,65,75,85,95,100,110,115,115,115,120,120,120,125,125,120,120,120,120,120,120,,,,,,,,,,,,,a,a,a,f,f,f,f,f,f,f,f,,3,3,3,4,4
1,9,9,aBR 15 fS B1-R9 C9, - Goliath,1,,4,5,,,2,2,3,3,3,,,,,,,,,,,,,,,,20,25,25,25,25,35,40,45,50,55,60,65,80,80,85,90,90,95,95,95,95,95,95,95,90,90,90,90,90,,,,,,,,,,,a,a,a,f,f,f,f,f,f,f,f,f,f,,3,3,4,4,4
1,9,10,27886, - Mx 1553#56,1,,0,1,2,,1,1,2,2,2,3,,,,,,,,,,,,,,,,,20,20,25,30,35,40,45,50,50,60,70,75,80,85,90,95,100,100,100,105,105,105,105,105,100,100,100,,,,,,,,,,,,,,a,a,a,a,f,f,f,f,f,f,,3,3,3,4,4
1,9,11,27894, - Mx 1553#87,1,,0,2,1,,1,2,2,3,3,,,,,,,,,,,,,,,,,20,20,20,20,30,40,45,50,60,60,65,75,80,85,90,95,100,105,110,115,115,115,115,115,115,115,115,115,,,,,,,,,,,,,,,a,a,a,a,a,f,f,f,f,,2,2,2,2,2
1,9,12,27902, - Mx 1553#96,1,,4,15,,,1,2,2,2,3,3,,,,,,,,,,,,,,,,,20,20,20,30,40,45,50,55,60,60,70,75,75,80,85,85,85,90,95,95,95,95,95,95,95,95,95,,,,,,,,,,,,a,a,f,f,f,f,f,f,f,f,f,f,,4,4,4,4,4
2,1,1,27903, - Mx 1553#10,2,,7 inc 1,18,1,,2,2,3,3,3,,,,,,,,,,,,,,,20,20,20,20,20,25,30,35,45,50,55,60,65,75,80,85,95,95,100,105,110,115,115,110,110,105,105,105,105,105,,,,,,,,,,,,,a,a,a,f,f,f,f,f,f,f,f,,4,4,4,4,4
2,1,2,27912, - Mx 1553#59,2,,0,0,,,0,0,0,0,0,0,0,,,0,0,0,0,0,0,0,0,,,,,,,0,0,,,,,,,,,,,,,,,,,,,,,,,,,,,,,,,,,,,,,,,,,,,,,,,,,,,,,
2,1,3,27921, - Mx 1553#60,2,,3,11,4,,1,2,2,2,3,3,3,,,,,,,,,,,,,,,,,20,20,25,30,35,35,40,50,55,65,65,70,75,75,80,85,85,90,95,90,90,90,90,90,90,85,,,,,,,,,,,,,,a,a,f,f,f,f,f,f,f,f,,4,4,4,4,4
2,1,4,27930, - Mx 1553#55,2,,14 inc 2 new,24,,,2,3,3,3,3,,,,,,,,,,,,,,20,25,25,25,25,30,30,35,45,50,60,65,75,80,95,95,105,110,115,115,120,120,120,125,120,120,120,120,120,120,120,,,,,,,,,,,a,a,a,f,f,f,f,f,f,f,f,f,f,,4,4,4,4,4
2,1,5,27939, - Mx 1553#104,2,,2,12,,,2,2,3,3,3,,,,,,,,,,,,,,,,20,20,20,25,25,35,45,50,55,60,70,70,85,85,85,95,100,105,110,115,115,115,115,115,115,115,115,115,115,,,,,,,,,,,a,a,f,f,f,f,f,f,f,f,f,f,f,,4,4,4,4,4
2,1,6,27948, - Mx 1553#56,2,,0,1,2,,1,2,2,3,3,3,3,3,,,,,,,,,,,,,,,,,20,25,30,35,35,40,45,50,55,60,70,75,80,85,90,90,95,100,95,95,90,90,90,90,90,,,,,,,,,,,,,,a,a,a,f,f,f,f,f,f,f,,3,3,3,4,4
2,1,7,27956, - Mx 1553#70,2,,6,16,2,,1,2,2,3,3,,,,,,,,,,,,,,,,20,20,20,20,20,25,35,40,45,50,55,60,70,70,75,75,80,85,90,90,90,95,95,95,95,90,90,90,90,,,,,,,,,,,,a,a,a,a,f,f,f,f,f,f,f,f,,4,4,4,4,4
2,1,8,aBR 15 fS B2-R1 C8, - Mx 1553#28,2,,0,0,,,0,0,0,0,0,0,0,0,0,0,0,0,0,0,0,0,0,,,,,,,,,,,,,,,,,,,,,,,,,,,,,,,,,,,,,,,,,,,,,,,,,,,,,,,,,,,,,
2,1,9,27973, - Mx 1553#68,2,,1,9,1,,1,2,2,2,2,3,3,3,,,,,,,,,,,,,,,,,20,20,30,30,35,40,45,50,60,65,70,75,80,80,85,85,90,95,95,95,95,90,90,90,90,,,,,,,,,,,,,a,a,a,f,f,f,f,f,f,f,f,,4,4,4,4,4
2,1,10,27981, - Mx 1553#78,2,,0,0,,,0,0,0,0,0,0,0,1,1,2,3,3,3,3,3,3,,,,,,,,,,,,,,,,,20,20,20,20,20,20,25,25,25,25,25,20,20,20,20,20,20,,,,,,,,,,,,,,,,,,,,,,,,,0,0,0,0,0
2,1,11,27990, - Mx 1553#94,2,,0,0,,,0,0,0,0,0,0,0,0,0,0,0,0,0,0,0,0,0,,,,,,,,,,,,,,,,,,,,,,,,,,,,,,,,,,,,,,,,,,,,,,,,,,,,,,,,,,,,,
2,1,12,27997, - Mx 1553#113,2,,0,0,,,0,0,0,0,0,0,0,0,0,0,0,0,0,0,0,0,0,,,,,,,,,,,,,,,,,,,,,,,,,,,,,,,,,,,,,,,,,,,,,,,,,,,,,,,,,,,,,
2,2,12,27998, - Mx 1553#86,2,,9,28,2,,2,2,3,3,3,,,,,,,,,,,,,,,,20,20,20,25,25,25,30,40,45,50,55,65,70,75,80,85,85,90,95,95,100,100,100,100,100,95,95,95,95,,,,,,,,,,,,,a,a,a,f,f,f,f,f,f,f,f,,4,4,4,4,4
2,2,11,27991, - Mx 1553#115,2,,0,7,,,1,2,2,2,3,3,3,3,,,,,,,,,,,,,,,,,20,25,30,40,40,45,50,55,65,70,75,80,80,85,90,95,95,90,90,90,90,90,90,90,90,,,,,,,,,,a,a,a,a,f,f,f,f,f,f,f,f,f,f,,4,4,4,4,4
2,2,10,27982, - Mx 1553#97,2,,7,11,3,,2,2,2,3,3,3,3,3,,,,,,,,,,,,,,,,,20,20,25,30,35,40,45,45,55,65,70,75,80,85,90,90,95,95,95,95,95,95,95,95,95,,,,,,,,,,a,a,a,f,f,f,f,f,f,f,f,f,f,f,,4,4,4,4,4
2,2,9,27974, - Mx 1553#119,2,,3,9,2,,1,2,2,2,3,3,3,,,,,,,,,,,,,,,,,20,20,25,30,35,40,45,50,55,65,70,75,80,85,90,95,100,100,105,110,105,105,105,105,105,105,,,,,,,,,,,,a,a,a,f,f,f,f,f,f,f,f,f,,4,4,4,4,4
2,2,8,27966, - Mx 1553#40,2,,3,6,1,,1,1,2,2,3,,,,,,,,,,,,,,,,,20,20,20,25,30,35,40,45,50,55,55,65,75,75,85,85,90,95,95,95,100,95,95,95,95,95,95,95,,,,,,,,,,,,,,,,,,,,,,,,,0,0,0,0,0
2,2,7,27957, - Mx 1553#117,2,,0,0,,,0,0,0,0,0,0,0,0,0,0,0,0,0,0,0,0,0,,,,,,,,,,,,,,,,,,,,,,,,,,,,,,,,,,,,,,,,,,,,,,,,,,,,,,,,,,,,,
2,2,6,27949, - Mx 1553#46,2,,1,5,,,2,2,3,3,3,,,,,,,,,,,,,,,,20,20,20,25,25,35,40,45,55,55,60,60,75,80,90,80,90,100,105,110,110,105,105,110,105,105,105,105,105,,,,,,,,,,,,,,,a,a,a,f,f,f,f,f,f,,3,3,3,4,4
2,2,5,27940, - Mx 1553#96,2,,1,5,2,,1,2,2,2,3,3,3,,,,,,,,,,,,,,,,,20,25,30,35,40,45,50,55,60,70,70,75,80,80,80,85,90,90,90,90,90,90,90,90,90,90,,,,,,,,,,,a,a,a,f,f,f,f,f,f,f,f,f,f,,4,4,4,4,4
2,2,4,27931, - Mx 1553#110,2,,2,11,2,,2,2,3,3,3,,,,,,,,,,,,,,,20,25,25,25,30,35,45,55,60,65,75,75,85,95,100,105,105,105,110,115,115,115,115,115,115,115,115,115,115,115,,,,,,,,,,,a,f,f,f,f,f,f,f,f,f,f,f,f,,4,4,4,4,4
2,2,3,27922, - Mx 1553#98,2,,3 inc 1 new,6,2,,1,1,2,3,3,,,,,,,,,,,,,,,,,20,20,20,25,25,35,40,45,50,55,60,65,65,75,75,75,75,85,85,90,90,90,90,90,90,85,90,90,,,,,,,,,,,,,,,,,,,,,,,,,0,0,0,0,0
2,2,2,27913, - Mx 1553#89,2,,0,7,,,1,1,2,3,3,3,3,,,,,,,,,,,,,,,,,20,20,25,30,35,40,50,55,65,75,80,85,90,90,95,105,105,105,105,105,105,105,105,105,105,105,,,,,,,,,,a,a,a,f,f,f,f,f,f,f,f,f,f,f,,4,4,4,4,4
2,2,1,27904, - Mx 1553#91,2,,9,16,3,,2,2,2,3,3,,,,,,,,,,,,,,,,20,20,20,20,25,25,35,35,40,45,50,55,65,70,70,70,75,75,75,80,80,80,80,80,80,80,80,80,80,,,,,,,,,,,,,,a,a,a,a,f,f,f,f,f,f,,3,4,4,4,4
2,3,1,27905, - Mx 1553#27,2,,0,0,3,,1,1,2,2,2,3,3,3,3,,,,,,,,,,,,,,,,,25,25,30,30,35,40,40,50,50,55,55,60,60,65,65,65,70,65,65,65,65,65,65,65,,,,,,,,,,,,,,,,,,,,,,,,,0,0,0,0,0
2,3,2,27914, - Mx 1553#4,2,,0,4,3,,1,1,2,2,2,3,3,3,,,,,,,,,,,,,,,,,20,25,30,35,35,40,50,50,55,65,65,70,70,75,80,80,85,85,80,85,90,90,90,90,90,,,,,,,,,,,,,,,,a,a,f,f,f,f,f,f,,3,3,3,3,4
2,3,3,27923, - Mx 1553#25,2,,0,0,,,1,1,2,3,3,3,3,,,,,,,,,,,,,,,,,20,20,20,30,30,35,35,40,45,55,55,60,65,75,75,80,85,85,90,85,85,85,85,85,85,85,,,,,,,,,,,,,a,a,a,a,f,f,f,f,f,f,f,,3,3,3,4,4
2,3,4,27932, - Mx 1553#118,2,,4,7,1,,2,2,2,2,2,2,2,3,3,,,,,,,,,,,,,,,,,20,25,25,25,30,30,35,40,40,45,45,45,45,45,45,45,45,45,45,45,45,45,45,45,,,,,,,,,,,,,,,,,,,,,,,,,0,0,0,0,0
2,3,5,27941, - Mx 1553#90,2,,0,2,,,2,1,1,2,2,3,3,3,,,,,,,,,,,,,,,,,20,20,20,25,25,30,35,35,40,40,40,40,45,45,45,50,50,50,50,50,50,50,50,50,50,,,,,,,,,,,,,,,,,,,,,,,,,0,0,0,0,0
2,3,6,27950, - Mx 1553#75,2,,4,10,,,2,2,2,2,2,3,3,,,,,,,,,,,,,,,,,20,20,25,25,25,30,35,40,40,45,50,55,55,55,60,60,60,65,65,65,65,65,70,70,70,70,,,,,,,,,,,,,,,,a,a,a,a,a,f,f,f,,1,2,2,2,2
2,3,7,27958, - Mx 1553#22,2,,11 inc 1 new,25,6,,2,2,2,3,3,,,,,,,,,,,,,,,,20,20,20,20,25,30,35,40,45,55,60,65,75,80,90,90,90,90,95,95,95,95,90,90,90,90,90,90,90,,,,,,,,,,,,a,a,f,f,f,f,f,f,f,f,f,f,,4,4,4,4,4
2,3,8,27967, - Mx 1553#103,2,,0,5,1,,2,2,2,3,3,3,3,,,,,,,,,,,,,,,,,20,25,35,40,50,55,60,70,75,85,90,100,105,105,110,115,120,120,125,125,125,125,125,120,120,120,,,,,,,,,,,,,a,a,a,a,f,f,f,f,f,f,f,,4,4,4,4,4
2,3,9,27975, - Mx 1553#16,2,,8 inc 2 new,10,1,,2,2,2,3,3,3,3,,,,,,,,,,,,,,,,,20,20,25,30,35,40,45,45,55,65,65,70,75,75,80,80,80,80,80,75,75,75,75,75,75,75,,,,,,,,,,,a,a,a,f,f,f,f,f,f,f,f,f,f,,4,4,4,4,4
2,3,10,27983, - Mx 1553#49,2,,5,7,4,,2,2,2,3,3,3,3,,,,,,,,,,,,,,,,,20,20,25,35,35,40,45,50,55,60,65,65,70,75,80,80,85,85,90,90,90,90,90,90,90,90,,,,,,,,,,,,,,,a,a,a,f,f,f,f,f,f,,3,3,3,4,4
2,3,11,27992, - Mx 1553#92,2,,1,0,,,1,1,1,2,3,3,3,,,,,,,,,,,,,,,,,20,20,25,30,30,30,35,45,50,55,60,65,70,75,75,80,85,85,85,85,85,85,85,85,85,85,,,,,,,,,,,,,a,a,a,a,f,f,f,f,f,f,f,,3,3,3,3,4
2,3,12,aBR 15 fS B2-R3 C12, - Mx 1553#100,2,,0,0,,,0,0,0,0,0,0,0,,0,0,0,0,0,0,0,0,0,,,,,,,0,,,,,,,,,,,,,,,,,,,,,,,,,,,,,,,,,,,,,,,,,,,,,,,,,,,,,,
2,4,12,28000, - Mx 1553#35,2,,3,15,4,,2,2,2,3,3,,,,,,,,,,,,,,,,20,20,20,25,30,40,50,55,60,65,70,80,90,95,95,100,105,100,105,110,110,115,115,115,115,110,110,115,115,,,,,,,,,,,,,,,,a,a,a,a,a,a,a,a,,1,1,1,1,1
2,4,11,aBR 15 fS B2-R4 C11, - Goliath,2,,2,7,,,2,2,3,3,3,,,,,,,,,,,,,,,,20,25,30,35,35,45,60,65,70,75,85,95,105,110,110,110,110,110,115,115,115,110,110,110,110,105,105,105,105,,,,,,,,,,a,a,f,f,f,f,f,f,f,f,f,f,f,f,,4,4,4,4,4
2,4,10,27984, - Mx 1553#102,2,,3 inc 1 new,2,1,,1,2,2,3,3,3,3,,,,,,,,,,,,,,,,,20,20,25,30,30,30,35,40,40,50,55,60,65,70,75,80,80,80,80,80,85,85,80,80,80,80,,,,,,,,,,,,,a,a,a,f,f,f,f,f,f,f,f,,4,4,4,4,4
2,4,9,27976, - Mx 1553#72,2,,6,13,3,,2,2,2,2,3,3,3,,,,,,,,,,,,,,,,,20,25,30,40,40,40,50,55,60,65,70,70,75,80,80,85,90,90,95,95,95,90,90,90,90,90,,,,,,,,,,,,,a,a,a,a,f,f,f,f,f,f,f,,4,4,4,4,4
2,4,8,27968, - Mx 1553#79,2,,0,10,6,,1,2,2,2,3,3,3,3,,,,,,,,,,,,,,,,,20,25,30,35,40,45,45,50,65,70,75,80,85,85,85,85,90,90,90,90,85,80,80,80,85,,,,,,,,,,,,,a,a,a,a,f,f,f,f,f,f,f,,3,3,3,3,4
2,4,7,27959, - Mx 1553#6,2,,2,4,4,,1,1,2,2,3,3,3,3,3,3,,,,,,,,,,,,,,,,,20,20,25,25,30,30,40,40,45,50,55,55,60,60,60,60,60,60,60,60,60,60,60,,,,,,,,,,,,,a,a,f,f,f,f,f,f,f,f,f,,3,3,3,3,4
2,4,6,27951, - Mx 1553#50,2,,17 inc 4 new,27,6,,2,2,2,3,3,3,,,,,,,,,,,,,,,,,20,20,25,30,35,40,45,50,55,60,65,65,65,65,70,70,75,75,80,80,80,80,80,80,80,75,75,,,,,,,,,,,,,,,,,,,,,,,,,0,0,0,0,0
2,4,5,27942, - Mx 1553#44,2,,7,18,2,,2,2,2,3,3,3,,,,,,,,,,,,,,,,,20,20,20,20,25,30,35,40,40,45,50,55,55,60,60,60,60,65,65,65,65,65,65,65,65,65,65,,,,,,,,,,,,,,,,,,,,,,,,,0,0,0,0,0
2,4,4,27933, - Mx 1553#39,2,,4,25,,,2,2,3,3,3,,,,,,,,,,,,,,,20,20,20,25,30,30,45,55,60,65,75,85,90,100,110,120,120,125,125,125,125,125,130,130,130,130,130,130,130,130,,,,,,,,,,,,,,a,a,f,f,f,f,f,f,f,f,,3,3,3,3,4
2,4,3,27924, - Mx 1553#93,2,,3,10,1,,1,2,2,3,3,,,,,,,,,,,,,,,,,20,25,25,30,35,45,50,55,60,70,85,90,95,110,110,115,115,125,125,120,115,115,120,120,120,120,115,115,,,,,,,,,,,a,a,f,f,f,f,f,f,f,f,f,f,f,,4,4,4,4,4
2,4,2,27915, - Mx 1553#84,2,,0,0,,,0,0,1,1,1,3,3,3,3,,,,,,,,,,,,,,,,,20,30,35,35,40,45,55,60,65,70,70,75,80,85,85,85,85,85,85,80,80,80,80,80,,,,,,,,,,,,,a,a,a,a,f,f,f,f,f,f,f,,3,3,3,4,4
2,4,1,27906, - Mx 1553#77,2,,3,9,7,,2,2,3,3,3,,,,,,,,,,,,,,,20,20,25,25,30,35,50,55,65,70,75,85,95,100,105,115,120,120,120,125,130,130,130,135,135,135,135,135,135,135,,,,,,,,,,,a,a,a,f,f,f,f,f,f,f,f,f,f,,4,4,4,4,4
2,5,1,27907, - Mx 1553#47,2,,2,12,1,,1,2,2,2,3,3,3,,,,,,,,,,,,,,,,,20,25,35,45,50,55,60,65,75,80,85,95,100,105,100,105,110,110,110,110,115,110,110,110,110,110,,,,,,,,,,,,,a,a,f,f,f,f,f,f,f,f,f,,4,4,4,4,4
2,5,2,27916, - Mx 1553#43,2,,0,7,2,,1,2,2,2,3,3,,,,,,,,,,,,,,,,,20,20,25,30,40,50,50,60,70,80,90,90,100,105,110,110,115,120,120,120,120,120,120,115,115,115,115,,,,,,,,,,,a,a,f,f,f,f,f,f,f,f,f,f,f,,3,3,4,4,4
2,5,3,27925, - Mx 1553#88,2,,2,13,3,,1,2,2,3,3,,,,,,,,,,,,,,,,20,20,20,20,25,30,35,35,35,45,50,50,55,60,65,70,75,75,80,85,80,80,80,80,80,80,80,80,80,,,,,,,,,,,,a,a,a,f,f,f,f,f,f,f,f,f,,4,4,4,4,4
2,5,4,27934, - Mx 1553#108,2,,0,15,6,,1,2,2,3,3,,,,,,,,,,,,,,,,20,20,25,25,30,35,40,45,50,55,65,70,80,85,90,90,95,100,105,105,105,105,100,100,100,100,100,100,100,,,,,,,,,,,,,a,a,f,f,f,f,f,f,f,f,f,,4,4,4,4,4
2,5,5,27943, - Mx 1553#109,2,,3,10,1,,2,2,3,3,3,,,,,,,,,,,,,,,20,25,25,25,25,30,35,50,55,60,60,65,75,80,85,95,100,100,105,110,115,115,115,115,115,120,115,115,115,115,,,,,,,,,,,,,,a,a,a,a,f,f,f,f,f,f,,4,4,4,4,4
2,5,6,27952, - Mx 1553#8,2,,0,4,,,2,3,3,3,3,,,,,,,,,,,,,,,20,20,25,25,25,25,35,45,55,60,65,70,75,80,80,90,90,95,95,100,105,110,115,110,110,110,110,110,110,110,,,,,,,,,,,,,,,,,,,,,,,,,0,0,0,0,0
2,5,7,27960, - Mx 1553#51,2,,2,8,1,,2,2,2,2,3,3,3,3,,,,,,,,,,,,,,,,,20,25,30,30,40,40,50,50,50,55,60,60,65,65,65,70,70,70,70,65,65,65,65,65,65,,,,,,,,,,,,,,,,a,a,a,a,a,a,a,a,,1,1,1,1,1
2,5,8,27969, - Mx 1553#24,2,,0,4,,,2,2,2,3,3,,,,,,,,,,,,,,,,,20,20,25,30,35,45,50,60,70,80,85,95,105,110,115,115,120,120,125,125,120,120,120,120,120,120,120,120,,,,,,,,,,,,a,a,a,a,f,f,f,f,f,f,f,f,,4,4,4,4,4
2,5,9,27977, - Mx 1553#14,2,,2,30,3,,2,2,2,3,3,,,,,,,,,,,,,,,,,20,20,25,25,30,40,45,50,55,65,70,75,80,90,95,100,95,105,110,110,110,110,115,115,115,115,115,115,,,,,,,,,,,,a,a,a,a,f,f,f,f,f,f,f,f,,4,4,4,4,4
2,5,10,aBR 15 fS B2-R5 C10, - Mx 1553#15,2,,0,0,,,0,0,0,0,0,0,0,0,0,0,0,0,0,0,0,0,0,,,,,,,,,,,,,,,,,,,,,,,,,,,,,,,,,,,,,,,,,,,,,,,,,,,,,,,,,,,,,
2,5,11,aBR 15 fS B2-R5 C11, - Mx 1553#85,2,,1,9,1,,2,2,2,3,3,3,3,3,3,,,,,,,,,,,,,,,,,20,20,25,30,30,35,35,40,40,40,45,45,45,50,45,45,45,45,45,45,45,45,45,45,,,,,,,,,,,,,,,,,,,,,,,,,0,0,0,0,0
2,5,12,28001, - Mx 1553#7,2,,1,9,2,,2,2,2,3,3,,,,,,,,,,,,,,,,,20,20,25,25,35,45,45,50,60,65,70,80,85,85,90,95,95,100,100,100,100,100,100,105,105,105,105,105,,,,,,,,,,,,,,a,a,a,f,f,f,f,f,f,f,,3,3,3,4,4
2,6,12,28002, - Mx 1553#87,2,,0,2,,,1,2,2,2,3,3,3,3,,,,,,,,,,,,,,,,,20,25,35,40,45,50,55,60,65,70,75,80,85,90,95,105,105,110,110,110,110,110,110,110,110,,,,,,,,,,,,,,,a,a,a,a,a,f,f,f,f,,2,2,3,4,4
2,6,11,27993, - Mx 1553#11,2,,0,2,,,1,2,2,2,2,3,3,,,,,,,,,,,,,,,,,20,20,30,35,45,45,50,50,55,60,65,70,75,75,80,85,90,90,95,90,90,90,90,90,90,90,,,,,,,,,,,,a,a,a,a,f,f,f,f,f,f,f,f,,4,4,4,4,4
2,6,10,27986, - Mx 1553#36,2,,5,13,8,,2,2,3,3,3,,,,,,,,,,,,,,,,20,25,25,25,30,45,55,65,70,80,85,100,105,110,120,125,125,125,130,135,135,140,140,140,140,140,140,140,140,,,,,,,,,,,,,,,a,a,a,f,f,f,f,f,f,,3,3,3,4,4
2,6,9,aBR 15 fS B2-R6 C9, - Goliath,2,,0,0,,,0,0,0,0,0,0,0,,0,0,0,0,0,0,0,0,0,,,,,,,0,,,,,,,,,,,,,,,,,,,,,,,,,,,,,,,,,,,,,,,,,,,,,,,,,,,,,,
2,6,8,aBR 15 fS B2-R6 C8, - Goliath,2,,9,11,,,2,3,3,3,3,,,,,,,,,,,,,,25,25,30,30,35,40,40,50,70,80,80,85,95,110,115,115,120,125,120,120,125,120,120,115,120,120,115,115,115,115,115,,,,,,,f,f,f,f,f,f,f,f,f,f,f,f,f,f,f,f,f,,4,4,4,4,4
2,6,7,27961, - Mx 1553#82,2,,1,25,2,,2,2,3,3,3,,,,,,,,,,,,,,,20,25,25,30,30,35,45,60,70,75,80,85,95,100,105,110,115,115,115,120,120,120,125,125,125,125,125,125,125,125,,,,,,,,f,,,,,,,a,a,f,f,f,f,f,f,f,,3,3,3,3,4
2,6,6,27953, - Mx 1553#114,2,,5,15,,,2,2,2,2,2,2,2,3,3,,,,,,,,,,,,,,,,,20,30,30,30,30,35,35,35,35,35,40,40,35,35,30,30,35,35,30,30,30,30,30,30,,,,,,,,,,,,,,,,,,,,,,,,,0,0,0,0,0
2,6,5,27944, - Mx 1553#26,2,,0,0,,,0,1,1,1,2,2,2,2,3,,,,,,,,,,,,,,,,,20,20,20,20,20,25,25,25,25,25,25,30,30,35,35,35,35,35,35,35,35,35,35,35,,,,,,,,,,,,,,,,,,,,,,,,,0,0,0,0,0
2,6,4,27935, - Mx 1553#3,2,,10 inc 1 new,11,1,,2,2,2,2,3,3,,,,,,,,,,,,,,,,,20,20,20,30,40,35,40,45,50,60,65,65,65,70,70,70,70,75,75,80,75,75,75,75,75,75,75,,,,,,,,,,,,,,,,,,,,,,,,,0,0,0,0,0
2,6,3,27926, - Mx 1553#74,2,,1,6,,,1,1,1,2,2,3,3,,,,,,,,,,,,,,,,,20,20,25,30,30,35,40,45,55,60,65,65,70,75,75,80,85,85,90,90,90,90,90,90,90,90,,,,,,,,,,,,,a,a,a,f,f,f,f,f,f,f,f,,4,4,4,4,4
2,6,2,27917, - Mx 1553#9,2,,0,5,,,1,1,1,2,2,3,3,3,3,,,,,,,,,,,,,,,,,20,25,30,35,35,35,40,45,45,45,45,50,50,50,55,55,55,55,55,55,55,55,55,55,,,,,,,,,,,,,,,,,,,,,,,,,0,0,0,0,0
2,6,1,27908, - Mx 1553#32,2,,1,9,,,1,1,1,1,2,2,2,3,3,,,,,,,,,,,,,,,,,20,25,30,30,35,40,45,50,50,50,50,60,55,60,60,65,65,65,65,70,70,70,70,70,,,,,,,,,,,,,,,,,,,a,a,a,a,a,,1,1,1,1,1
2,7,1,27909, - Mx 1553#18,2,,2,22,4,,1,2,2,3,3,3,,,,,,,,,,,,,,,,,20,25,25,30,35,40,45,45,55,55,65,70,75,80,85,85,85,90,85,90,90,85,85,90,90,90,90,,,,,,,,,,a,a,a,a,f,f,f,f,f,f,f,f,f,f,,4,4,4,4,4
2,7,2,27918, - Mx 1553#53,2,,0,4,,,1,1,2,2,3,3,3,,,,,,,,,,,,,,,,,20,20,30,40,45,50,50,55,60,65,65,70,75,80,80,80,90,85,85,85,85,85,80,75,75,75,,,,,,,,,,,,a,a,a,a,f,f,f,f,f,f,f,f,,4,4,4,4,4
2,7,3,27927, - Mx 1553#80,2,,0,2,,,1,1,2,2,3,3,3,3,,,,,,,,,,,,,,,,,20,25,30,35,40,45,50,50,50,55,60,65,70,70,75,75,80,80,80,80,80,80,80,75,75,,,,,,,,,,,,a,a,f,f,f,f,f,f,f,f,f,f,,4,4,4,4,4
2,7,4,27936, - Mx 1553#17,2,,0,0,,,1,1,1,2,2,3,3,3,3,,,,,,,,,,,,,,,,,20,20,25,25,30,35,40,45,50,55,60,65,70,80,85,85,85,85,85,85,85,85,85,80,,,,,,,,,,,,,,a,a,a,f,f,f,f,f,f,f,,3,3,4,4,4
2,7,5,27945, - Mx 1553#66,2,,0,0,,,0,0,0,0,0,0,0,0,0,0,0,0,0,0,0,0,0,,,,,,,,,,,,,,,,,,,,,,,,,,,,,,,,,,,,,,,,,,,,,,,,,,,,,,,,,,,,,
2,7,6,27954, - Mx 1553#1,2,,5,10,,,2,2,2,2,3,3,,,,,,,,,,,,,,,,,20,20,20,30,45,45,45,50,60,65,75,75,85,85,90,90,95,100,100,100,105,105,105,105,105,105,105,,,,,,,,,,,,,,,,,,,,,,,,,0,0,0,0,0
2,7,7,27962, - Mx 1553#5,2,,4,10,,,1,1,1,2,2,2,2,2,2,2,3,3,3,3,3,,,,,,,,,,,,,,,,,20,20,25,25,25,25,25,25,25,25,25,25,25,25,25,25,25,25,,,,,,,,,,,,,,,,,,,,,,,,,0,0,0,0,0
2,7,8,27970, - Mx 1553#101,2,,0,10,,,2,2,3,3,3,,,,,,,,,,,,,,,20,20,25,30,30,30,35,50,60,65,75,80,95,105,110,115,120,120,115,125,130,135,135,140,140,135,135,135,135,135,,,,,,,,,,,,,,,a,a,a,f,f,f,f,f,f,,3,3,3,4,4
2,7,9,27978, - Mx 1553#23,2,,3,11,3,,2,2,3,3,3,,,,,,,,,,,,,,,,20,20,20,20,20,25,35,40,45,50,55,65,70,75,85,90,95,95,100,105,105,105,105,105,105,105,105,105,105,,,,,,,,,,,,,a,a,a,f,f,f,f,f,f,f,f,,3,3,3,3,4
2,7,10,27987, - Mx 1553#41,2,,5,30,,,2,2,3,3,3,,,,,,,,,,,,,,,,20,20,20,20,25,35,45,50,55,65,70,75,85,95,95,95,100,95,100,100,100,100,105,105,100,100,100,100,100,,,,,,,,,,,,,a,a,f,f,f,f,f,f,f,f,f,,4,4,4,4,4
2,7,11,27994, - Mx 1553#37,2,,0,0,,,0,0,0,0,0,0,0,0,0,0,0,0,0,0,0,0,0,,,,,,,,,,,,,,,,,,,,,,,,,,,,,,,,,,,,,,,,,,,,,,,,,,,,,,,,,,,,,
2,7,12,28003, - Mx 1553#42,2,,1,9,5,,1,2,2,2,2,3,3,,,,,,,,,,,,,,,,,20,20,20,30,30,30,35,40,40,45,45,45,50,60,60,60,65,60,60,60,60,55,55,55,55,50,,,,,,,,,,a,a,a,f,f,f,f,f,f,f,f,f,f,f,,4,4,4,4,4
2,8,12,28004, - Mx 1553#48,2,,1,7,1,,2,2,2,2,2,3,3,3,,,,,,,,,,,,,,,,,20,20,30,40,40,50,55,60,70,70,75,80,85,85,90,95,95,95,95,95,95,95,95,95,95,,,,,,,,,,,,,,,a,a,a,f,f,f,f,f,f,,3,3,3,4,4
2,8,11,27995, - Mx 1553#69,2,,1,12,,,2,2,2,3,3,3,3,,,,,,,,,,,,,,,,,20,20,25,40,45,45,55,60,65,75,80,85,95,95,95,100,105,105,110,110,110,110,105,105,105,105,,,,,,,,,,,,,a,a,a,f,f,f,f,f,f,f,f,,3,3,3,4,4
2,8,10,27988, - Mx 1553#116,2,,2,11,,,2,2,2,2,2,3,3,,,,,,,,,,,,,,,,,20,20,30,40,45,45,55,55,60,65,70,70,70,70,70,70,75,70,75,75,70,70,70,70,70,70,,,,,,,,,,,,,,,,,,,,,,,,,0,0,0,0,0
2,8,9,27979, - Mx 1553#81,2,,0,2,,,1,2,2,2,3,3,,,,,,,,,,,,,,,,,20,20,20,25,35,35,40,40,50,50,55,60,65,70,75,75,75,80,85,85,85,80,80,80,80,80,80,,,,,,,,,,,a,a,a,a,f,f,f,f,f,f,f,f,f,,4,4,4,4,4
2,8,8,27971, - Mx 1553#57,2,,1,7,4,,2,2,2,3,3,3,,,,,,,,,,,,,,,,,20,20,20,25,35,35,35,40,45,50,60,65,70,70,75,75,80,85,85,90,90,90,90,90,90,90,90,,,,,,,,,,,,,a,f,f,f,f,f,f,f,f,f,f,,4,4,3,4,4
2,8,7,27963, - Mx 1553#73,2,,5,15,,,2,3,3,3,3,3,,,,,,,,,,,,,,,,,20,20,20,25,30,35,40,45,50,55,60,65,75,80,80,85,85,85,85,85,85,85,85,85,85,85,85,,,,,,,,,,,,,,a,a,a,f,f,f,f,f,f,f,,3,3,3,3,4
2,8,6,27955, - Mx 1553#76,2,,0,3,,,1,1,1,2,3,3,3,,,,,,,,,,,,,,,,,20,20,25,25,30,30,35,40,45,55,60,60,65,70,75,80,80,80,80,80,80,80,75,75,75,75,,,,,,,,,,a,a,a,a,f,f,f,f,f,f,f,f,f,f,,4,4,4,4,4
2,8,5,27946, - Mx 1553#112,2,,0,3,,,1,1,2,2,2,3,3,3,3,,,,,,,,,,,,,,,,,20,20,20,25,25,25,30,35,35,35,40,40,40,45,45,50,50,50,50,50,50,50,50,50,,,,,,,,,,,,,,,,,,,,,,,,,0,0,0,0,0
2,8,4,27937, - Mx 1553#67,2,,0,0,,,0,0,0,0,0,0,0,0,0,0,0,0,0,0,0,0,0,,,,,,,,,,,,,,,,,,,,,,,,,,,,,,,,,,,,,,,,,,,,,,,,,,,,,,,,,,,,,
2,8,3,27928, - Mx 1553#95,2,,6,10,3,,2,2,2,2,3,3,,,,,,,,,,,,,,,,,20,20,20,25,35,35,40,40,45,50,60,70,70,75,75,80,90,95,95,95,95,95,90,95,95,95,95,,,,,,,,,,,a,a,a,a,f,f,f,f,f,f,f,f,f,,3,3,3,4,4
2,8,2,27919, - Mx 1553#99,2,,1,2,,,1,1,1,2,2,3,3,3,,,,,,,,,,,,,,,,,20,20,25,30,30,40,45,45,55,60,65,70,70,75,85,85,90,90,90,95,95,90,85,85,85,,,,,,,,,,,,,,,,a,a,f,f,f,f,f,f,,3,3,3,3,4
2,8,1,27910, - Mx 1553#20,2,,0,0,,,0,0,0,0,0,0,0,0,0,0,,0,0,0,0,0,0,,,,,,,,,,0,,,,,,,,,,,,,,,,,,,,,,,,,,,,,,,,,,,,,,,,,,,,,,,,,,,
2,9,1,27911, - Mx 1553#11,2,,0,0,,,0,0,1,1,1,2,2,3,3,,,,,,,,,,,,,,,,,20,25,30,30,35,40,45,55,55,55,55,60,65,70,75,75,80,80,80,80,80,80,75,75,,,,,,,,,,,,,,a,a,a,a,f,f,f,f,f,f,,3,3,3,4,4
2,9,2,27920, - Mx 1553#71,2,,2,4,2,,2,2,2,3,3,3,3,3,3,,,,,,,,,,,,,,,,,20,25,25,30,35,35,40,45,45,50,50,55,55,60,65,65,70,70,70,65,65,65,65,65,,,,,,,,,,,,,,a,a,a,a,f,f,f,f,f,f,,3,3,3,4,4
2,9,3,27929, - Mx 1553#2,2,,0,2,,,2,2,2,3,3,3,3,,,,,,,,,,,,,,,,,20,20,25,30,30,30,40,40,45,50,55,60,65,70,75,80,80,80,80,80,85,85,85,80,80,80,,,,,,,,,,,,,a,a,a,a,a,f,f,f,f,f,f,,3,3,3,4,4
2,9,4,27938, - Mx 1553#34,2,,0,4,,,1,2,2,2,3,3,,,,,,,,,,,,,,,,,20,20,25,30,45,45,50,55,65,65,75,75,80,80,85,90,95,95,95,100,100,100,100,100,100,100,100,,,,,,,,,,,,,,,,a,f,f,f,f,f,f,f,,3,3,3,4,4
2,9,5,27947, - Mx 1553#63,2,,3,14,1,,1,2,3,3,3,,,,,,,,,,,,,,,,20,20,20,25,30,35,45,50,55,60,60,70,75,85,90,90,95,95,100,100,100,100,100,100,95,95,95,95,95,,,,,,,,,,,,,,a,a,f,f,f,f,f,f,f,f,,4,4,4,4,4
2,9,6,aBR 15 fS B2-R9 C6, - Goliath,2,,1,9,,,2,3,3,3,3,,,,,,,,,,,,,,20,25,30,30,35,35,45,55,65,70,80,85,95,110,115,115,120,120,120,120,125,125,120,120,120,120,120,120,120,120,115,,,a,a,a,a,a,a,a,a,a,f,f,f,f,f,f,f,f,f,f,f,f,,4,4,4,4,4
2,9,7,27964, - Mx 1553#61,2,,0,0,,,0,1,1,1,2,2,2,2,3,3,,,,,,,,,,,,,,,,,20,20,20,20,25,30,30,35,35,40,50,55,60,65,65,65,65,70,70,70,70,70,65,,,,,,,,,,,,,,,,,a,a,a,f,f,f,f,,2,3,4,4,4
2,9,8,27972, - Mx 1553#45,2,,1,37,,,1,2,2,2,2,2,3,3,3,,,,,,,,,,,,,,,,,20,20,20,25,30,30,35,40,45,45,50,50,55,65,65,65,65,65,65,65,65,65,65,60,,,,,,,,,,,,,f,f,f,f,f,f,f,f,f,f,f,,4,4,4,4,4
2,9,9,27980, - Mx 1553#12,2,,12,38,3,,2,2,3,3,3,,,,,,,,,,,,,,20,20,25,25,25,25,25,25,30,35,35,45,45,55,60,65,70,75,80,90,90,95,95,100,100,100,100,100,100,100,100,,,,,,,,,,,,,a,a,a,f,f,f,f,f,f,f,f,,3,3,3,4,4
2,9,10,27989, - Mx 1553#105,2,,0,1,1,,1,1,1,2,3,,,,,,,,,,,,,,,,,20,25,25,25,25,35,35,40,50,60,60,70,75,75,80,80,85,95,90,85,80,80,80,80,80,80,75,75,,,,,,,,,,,a,a,a,a,f,f,f,f,f,f,f,f,f,,4,4,4,4,4
2,9,11,27996, - Mx 1553#120,2,,3,23,,,2,2,2,2,3,3,3,3,,,,,,,,,,,,,,,,,20,20,25,30,30,35,40,40,45,50,50,50,55,55,55,55,55,55,55,55,55,55,55,55,50,,,,,,,,,,,,,,,,a,a,a,a,f,f,f,f,,2,2,2,2,2
2,9,12,28005, - Mx 1553#19,2,,0,7,2,,1,2,2,2,3,3,,,,,,,,,,,,,,,,,20,20,20,20,30,30,35,40,40,45,50,50,55,60,70,75,80,80,80,80,80,80,80,80,80,80,75,,,,,,,,,,,,,a,f,f,f,f,f,f,f,f,f,f,,3,3,4,4,4
3,1,1,28006, - Mx 1553#116,3,,8,15,,,1,2,2,3,3,3,,,,,,,,,,,,,,,,,20,20,20,25,35,45,50,60,65,65,70,75,75,75,75,75,75,75,75,75,75,75,75,75,75,75,75,,,,,,,,,,,,,,,,,,,,,,,,,0,0,0,0,0
3,1,2,28015, - Mx 1553#91,3,,2,3,,,2,2,2,2,2,3,3,3,3,3,,,,,,,,,,,,,,,,,20,20,20,25,30,30,30,35,35,40,45,50,55,60,60,60,60,55,55,55,55,55,55,,,,,,,,,,,,,,,,a,a,a,f,f,f,f,f,,3,3,3,4,4
3,1,3,28023, - Mx 1553#96,3,,0,3,,,1,1,1,1,2,2,2,3,3,3,,,,,,,,,,,,,,,,,20,20,20,20,25,30,30,35,35,40,40,45,45,45,45,50,50,55,55,55,55,50,50,,,,,,,,,,,,a,a,a,f,f,f,f,f,f,f,f,f,,4,4,4,4,4
3,1,4,28032, - Mx 1553#14,3,,6,18,,,1,2,2,2,2,2,2,2,3,3,,,,,,,,,,,,,,,,,20,25,25,30,35,40,45,50,55,55,60,65,75,75,75,80,75,75,75,75,75,75,75,,,,,,,,,,,,,,a,a,a,f,f,f,f,f,f,f,,3,3,3,4,4
3,1,5,28040, - Mx 1553#73,3,,8 inc 2 new,9,3,,2,2,2,3,3,3,,,,,,,,,,,,,,,,,20,20,20,30,40,40,50,55,60,65,70,75,80,85,85,80,90,90,90,95,95,95,95,95,90,90,90,,,,,,,,,,,,,a,a,a,f,f,f,f,f,f,f,f,,3,3,3,4,4
3,1,6,28049, - Mx 1553#79,3,,0,3,,,1,2,2,2,3,3,3,3,,,,,,,,,,,,,,,,,20,30,30,30,35,45,45,55,60,65,70,75,75,75,80,80,75,75,75,75,75,75,75,75,75,,,,,,,,,,,,,a,a,a,a,f,f,f,f,f,f,f,,3,3,4,4,4
3,1,7,28056, - Mx 1553#51,3,,3,8,1,,1,2,2,2,2,3,3,3,,,,,,,,,,,,,,,,,20,25,35,35,40,45,50,50,55,55,55,55,60,60,60,65,65,65,65,65,65,65,65,65,65,,,,,,,,,,,,,,,,a,a,a,a,f,f,f,f,,2,2,2,4,4
3,1,8,28065, - Mx 1553#46,3,,1,4,1,,2,2,2,3,3,,,,,,,,,,,,,,,,,20,20,20,25,30,35,40,40,45,50,55,60,66,70,75,75,80,90,90,90,95,95,95,95,95,95,90,90,,,,,,,,,,,,,,,,,a,a,a,f,f,f,f,,2,2,2,4,4
3,1,9,28074, - Mx 1553#56,3,,3,3,1,,2,2,3,3,3,,,,,,,,,,,,,,,,,20,20,20,25,30,40,45,50,60,65,70,80,85,95,95,100,100,110,110,105,105,105,110,105,105,105,105,105,,,,,,,,,,,,,,a,a,a,a,f,f,f,f,f,f,,3,3,3,4,4
3,1,10,28083, - Mx 1553#3,3,,2,5,2,,2,2,2,2,2,3,3,,,,,,,,,,,,,,,,,20,20,30,35,40,45,45,50,55,65,65,65,65,70,65,70,70,70,70,75,75,75,75,75,75,75,,,,,,,,,,,,,,,,,,,,,,,,,0,0,0,0,0
3,1,11,28092, - Mx 1553#32,3,,0,3,1,,1,1,1,2,2,2,2,2,2,3,,,,,,,,,,,,,,,,,20,20,25,30,30,30,40,40,40,40,45,45,50,50,50,50,50,50,50,50,50,50,50,,,,,,,,,,,,,,,,,,,,,,,,,0,0,0,0,0
3,1,12,28101, - Mx 1553#68,3,,0,1,,,1,1,1,2,2,3,3,3,3,,,,,,,,,,,,,,,,,20,20,25,25,30,35,40,40,40,45,50,55,55,60,60,65,65,60,65,60,60,65,65,65,,,,,,,,,,,,,a,a,a,a,f,f,f,f,f,f,f,,3,3,4,4,4
3,2,12,28102, - Mx 1553#5,3,,0,0,,,0,0,0,0,1,1,2,2,3,3,3,3,3,3,3,3,3,,,,,,,,,,,,,,,,,20,20,20,20,20,20,20,20,20,20,20,20,20,20,20,20,,,,,,,,,,,,,,,,,,,,,,,,,0,0,0,0,0
3,2,11,28093, - Mx 1553#55,3,,9,20,,,2,3,3,3,3,,,,,,,,,,,,,,,20,20,20,25,25,25,30,40,45,50,60,60,70,75,80,90,90,95,100,105,105,110,110,110,110,110,105,105,105,105,,,,,,,,,,,a,a,a,a,a,f,f,f,f,f,f,f,f,,4,4,4,4,4
3,2,10,28084, - Mx 1553#70,3,,7,23,,,2,2,3,3,3,,,,,,,,,,,,,,,,20,20,25,25,30,35,45,50,55,65,70,80,90,95,100,105,105,105,110,115,110,110,115,115,115,110,110,110,110,,,,,,,,,,,,a,a,a,f,f,f,f,f,f,f,f,f,,4,4,4,4,4
3,2,9,28075, - Mx 1553#24,3,,4,10,,,1,2,2,3,3,3,,,,,,,,,,,,,,,,,20,20,20,25,35,40,45,50,55,60,70,70,80,85,90,90,95,95,95,100,100,100,95,95,95,95,95,,,,,,,,,,,,,a,a,a,a,f,f,f,f,f,f,f,,3,3,3,4,4
3,2,8,28066, - Mx 1553#93,3,,0,16,,,2,2,2,3,3,,,,,,,,,,,,,,,,20,20,25,25,30,40,50,60,65,70,80,90,100,105,110,110,115,120,125,125,125,125,125,125,125,125,125,125,125,,,,,,,,,,,a,a,a,a,f,f,f,f,f,f,f,f,f,,4,4,4,4,4
3,2,7,28057, - Mx 1553#113,3,,0,2,1,,2,2,2,2,3,3,3,,,,,,,,,,,,,,,,,20,20,25,30,35,35,40,40,40,50,50,50,55,65,70,75,75,75,80,75,75,75,70,70,70,70,,,,,,,,,,,a,f,f,f,f,f,f,f,f,f,f,f,f,,4,4,4,4,4
3,2,6,28050, - Mx 1553#48,3,,0,0,,,1,1,2,2,2,3,3,3,3,3,,,,,,,,,,,,,,,,,20,25,30,35,40,50,60,65,70,75,75,80,85,85,90,90,90,90,90,90,90,90,90,,,,,,,,,,,,,,,,,,,a,a,a,a,a,,1,1,1,1,1
3,2,5,28041, - Mx 1553#9,3,,2,5,,,1,1,1,1,1,2,2,2,2,3,3,,,,,,,,,,,,,,,,,20,25,25,25,25,25,25,25,25,25,30,30,35,35,35,35,35,30,30,30,30,25,,,,,,,,,,,,,,,,,,,,,,,,,0,0,0,0,0
3,2,4,28033, - Mx 1553#57,3,,6 inc 1 new,12,1,,2,1,1,2,2,3,3,3,,,,,,,,,,,,,,,,,20,20,30,30,30,35,40,45,50,55,55,60,65,65,70,75,70,70,75,75,70,70,65,65,65,,,,,,,,,,,a,a,a,a,f,f,f,f,f,f,f,f,f,,4,4,4,4,4
3,2,3,aBR 15 fS B3-R2 C3, - Mx 1553#78,3,,0,0,,,0,0,0,0,0,0,0,0,0,0,0,0,0,0,0,0,0,,,,,,,,,,,,,,,,,,,,,,,,,,,,,,,,,,,,,,,,,,,,,,,,,,,,,,,,,,,,,
3,2,2,28016, - Mx 1553#108,3,,0,4,3,,2,2,2,3,3,,,,,,,,,,,,,,,,,20,25,20,25,25,30,35,35,40,45,45,50,55,60,65,70,75,75,75,75,75,75,75,70,70,70,70,70,,,,,,,,,,,a,a,a,f,f,f,f,f,f,f,f,f,f,,4,4,4,4,4
3,2,1,28007, - Mx 1553#23,3,,2,16,,,2,2,3,3,3,,,,,,,,,,,,,,,20,20,20,20,25,25,30,30,35,45,50,50,60,65,70,75,80,85,90,95,100,95,95,95,95,95,95,95,90,90,,,,,,,,,,,,a,a,a,f,f,f,f,f,f,f,f,f,,4,4,4,4,4
3,3,1,28008, - Mx 1553#101,3,,1,5,,,2,2,3,3,3,,,,,,,,,,,,,,,,20,20,20,20,25,30,35,45,50,60,65,70,80,80,90,95,95,105,110,115,115,120,120,120,120,120,120,120,120,,,,,,,,,,,,,,,,a,a,a,f,f,f,f,f,,3,3,3,4,4
3,3,2,aBR 15 fS B3-R3 C2, - Goliath,3,,1,4,,,2,2,3,3,3,,,,,,,,,,,,,,20,25,25,30,30,30,35,45,50,60,65,70,80,85,95,105,105,105,105,105,110,110,110,110,110,110,105,105,105,100,100,,,,,,,,,,,a,a,f,f,f,f,f,f,f,f,f,f,f,,4,4,4,4,4
3,3,3,28025, - Mx 1553#34,3,,2,3,,,1,1,2,2,2,2,3,3,3,,,,,,,,,,,,,,,,,20,25,30,35,40,45,50,60,65,65,70,75,75,80,80,80,80,80,85,85,85,85,85,85,,,,,,,,,,,,,,,,,,,a,f,f,f,f,,1,2,2,2,2
3,3,4,aBR 15 fS B3-R3 C4, - Goliath,3,,4,9,,,2,2,3,3,3,,,,,,,,,,,,,,20,25,25,30,30,30,35,45,60,70,75,75,85,90,100,100,105,105,105,105,110,110,105,100,100,100,100,100,100,95,95,,,,,,,,,,a,a,f,f,f,f,f,f,f,f,f,f,f,f,,4,4,4,4,4
3,3,5,28042, - Mx 1553#119,3,,7,19,2,,2,2,2,3,3,,,,,,,,,,,,,,,,20,20,25,25,25,30,40,45,50,60,65,70,75,80,90,90,100,100,105,105,105,110,115,115,115,115,115,115,115,,,,,,,,,,,,,a,a,f,f,f,f,f,f,f,f,f,,4,4,4,4,4
3,3,6,28051, - Mx 1553#2,3,,6,8,,,2,2,2,3,3,3,3,,,,,,,,,,,,,,,,,20,20,30,30,35,40,45,50,55,65,70,75,80,85,85,90,95,90,95,95,95,95,95,95,90,90,,,,,,,,,,,,,a,a,a,a,f,f,f,f,f,f,f,,3,3,3,3,4
3,3,7,28058, - Mx 1553#37,3,,0,9,1,,1,1,1,1,2,2,3,3,3,,,,,,,,,,,,,,,,,20,25,30,35,40,45,45,55,60,60,65,65,65,75,80,80,80,80,80,80,80,75,75,75,,,,,,,,,,,,a,a,f,f,f,f,f,f,f,f,f,f,,4,4,4,4,4
3,3,8,28067, - Mx 1553#28,3,,1,2,,,1,2,2,2,3,3,3,,,,,,,,,,,,,,,,,20,20,20,25,30,35,40,45,45,55,65,65,70,80,85,90,95,95,95,95,95,90,90,90,90,90,,,,,,,,,,,,,,a,a,a,a,f,f,f,f,f,f,,3,3,3,4,4
3,3,9,28076, - Mx 1553#47,3,,3,20,,,2,2,2,2,2,3,3,,,,,,,,,,,,,,,,,20,20,25,35,40,40,50,50,55,65,70,80,80,85,85,85,90,90,95,100,100,100,100,95,95,95,,,,,,,,,,,,,a,a,a,a,f,f,f,f,f,f,f,,3,4,4,4,4
3,3,10,28085, - Mx 1553#87,3,,0,3,,,1,2,2,2,2,3,3,,,,,,,,,,,,,,,,,20,20,30,40,45,50,50,60,60,70,80,85,85,95,95,105,105,110,105,105,110,110,110,110,105,105,,,,,,,,,,,,,,,a,a,a,a,f,f,f,f,f,,3,3,3,4,4
3,3,11,28094, - Mx 1553#80,3,,0,8,1,,1,1,2,2,2,2,3,3,3,3,,,,,,,,,,,,,,,,,20,25,30,30,35,40,40,45,50,55,60,65,70,70,75,80,80,75,75,75,75,75,75,,,,,,,,,,,,,a,a,f,f,f,f,f,f,f,f,f,,3,3,4,4,4
3,3,12,28103, - Mx 1553#41,3,,4,25,,,2,2,3,3,3,,,,,,,,,,,,,,,,20,20,20,25,25,35,40,50,55,65,70,75,85,90,90,95,95,95,100,100,100,100,100,105,105,105,105,105,105,,,,,,,,,,,,,a,a,a,f,f,f,f,f,f,f,f,,3,3,4,4,4
3,4,12,28104, - Mx 1553#110,3,,0,15,1,,2,2,3,3,3,,,,,,,,,,,,,,,20,20,25,30,30,30,40,50,55,60,70,75,80,85,95,100,105,105,105,110,105,110,110,110,110,110,110,110,110,110,,,,,,,,,,,,a,a,a,f,f,f,f,f,f,f,f,f,,4,4,4,4,4
3,4,11,28095, - Mx 1553#75,3,,1,5,1,,1,2,2,2,2,3,3,3,3,,,,,,,,,,,,,,,,,20,25,25,30,30,35,35,40,40,45,50,55,55,55,55,55,55,60,60,60,60,60,60,60,,,,,,,,,,,,,,,,,a,a,a,a,a,a,a,,1,1,1,1,1
3,4,10,28086, - Mx 1553#117,3,,2,7,5,,2,2,2,3,3,3,,,,,,,,,,,,,,,,,20,20,20,25,35,35,40,45,50,55,60,65,70,75,80,75,85,90,85,85,85,85,85,85,85,85,85,,,,,,,,,,,a,a,a,f,f,f,f,f,f,f,f,f,f,,4,4,4,4,4
3,4,9,28077, - Mx 1553#7,3,,0,10,2,,2,2,2,2,2,3,3,3,,,,,,,,,,,,,,,,,20,20,30,30,35,40,45,50,55,60,65,70,70,75,85,85,85,85,85,85,85,85,85,85,85,,,,,,,,,,,,,,,a,a,f,f,f,f,f,f,f,,3,3,3,3,4
3,4,8,28068, - Mx 1553#115,3,,0,0,,,1,1,1,2,2,2,2,3,3,,,,,,,,,,,,,,,,,20,25,25,25,30,35,40,45,45,45,50,55,55,60,65,60,60,60,60,60,60,60,55,55,,,,,,,,,,a,a,a,a,f,f,f,f,f,f,f,f,f,f,,4,4,4,4,4
3,4,7,28059, - Mx 1553#103,3,,2,3,,,2,2,2,3,2,3,,,,,,,,,,,,,,,,,20,20,20,25,35,40,40,45,50,50,60,70,80,80,85,90,100,105,105,105,110,110,105,105,105,105,105,,,,,,,,,,,,,a,a,a,f,f,f,f,f,f,f,f,,3,3,3,4,4
3,4,6,28052, - Mx 1553#43,3,,0,9,2,,1,2,2,2,3,3,,,,,,,,,,,,,,,,,20,25,25,30,40,45,55,60,70,80,85,95,100,100,100,105,110,110,110,110,115,120,120,115,110,110,110,,,,,,,,,,,,a,a,a,a,f,f,f,f,f,f,f,f,,3,3,3,4,4
3,4,5,28043, - Mx 1553#90,3,,0,2,,,1,1,1,2,3,3,3,3,3,,,,,,,,,,,,,,,,,20,20,25,30,30,35,35,35,40,40,40,45,45,45,50,50,50,50,50,50,50,50,50,50,,,,,,,,,,,,,,,,,a,a,a,a,a,a,a,,1,1,1,1,1
3,4,4,28034, - Mx 1553#25,3,,1,4,1,,2,2,2,2,2,3,3,,,,,,,,,,,,,,,,,20,20,25,45,45,45,45,50,55,60,60,60,65,65,65,65,65,65,65,65,65,65,65,65,65,65,,,,,,,,,,,,,,,,,,,,,,,,,0,0,0,0,0
3,4,3,28026, - Mx 1553#1,3,,1,6,4,,2,2,2,2,3,3,,,,,,,,,,,,,,,,,20,20,25,30,40,45,50,60,65,75,80,90,95,95,95,105,110,105,105,105,110,110,110,110,110,110,110,,,,,,,,,,,,,,,,,,,,,,,,,0,0,0,0,0
3,4,2,28017, - Mx 1553#45,3,,0,0,,,0,0,1,1,1,1,2,2,3,3,3,3,3,3,,,,,,,,,,,,,,,,,20,20,25,25,25,25,25,30,40,40,40,40,35,35,35,35,35,35,35,,,,,,,,,,,a,a,a,a,f,f,f,f,f,f,f,f,f,,4,4,4,4,4
3,4,1,28009, - Mx 1553#86,3,,0,3,,,2,2,2,3,3,3,,,,,,,,,,,,,,,,,20,20,20,20,25,25,25,30,30,35,45,45,50,55,60,60,60,70,75,75,75,75,75,75,70,70,70,,,,,,,,,,,,,a,a,a,f,f,f,f,f,f,f,f,,3,4,4,4,4
3,5,1,28010, - Mx 1553#98,3,,1,6,,,1,2,2,2,2,2,3,3,3,3,,,,,,,,,,,,,,,,,20,25,25,25,30,35,35,40,40,45,50,50,55,60,60,60,60,60,60,60,60,60,60,,,,,,,,,,,,,,,,,,,,,,,,,0,0,0,0,0
3,5,2,28018, - Mx 1553#94,3,,1,4,1,,2,2,3,3,3,3,,,,,,,,,,,,,,,,,20,20,20,20,25,30,30,35,40,45,50,55,60,65,70,75,85,85,85,90,90,95,95,90,90,90,85,,,,,,,,,,,,,a,a,a,a,f,f,f,f,f,f,f,,3,3,3,3,4
3,5,3,28027, - Mx 1553#59,3,,5,17,,,2,2,2,3,3,,,,,,,,,,,,,,,,20,20,20,20,20,25,30,30,35,40,45,45,55,55,60,60,70,75,80,80,85,90,90,90,90,90,90,90,90,,,,,,,,,,,,,,,,,,,,,,,,,0,0,0,0,0
3,5,4,28035, - Mx 1553#22,3,,2,18,5,,2,2,2,3,3,,,,,,,,,,,,,,,,20,20,25,20,20,30,35,45,45,50,55,65,70,75,85,85,90,95,95,95,100,100,100,100,100,100,95,95,95,,,,,,,,,,,,a,a,a,f,f,f,f,f,f,f,f,f,,4,4,4,4,4
3,5,5,28044, - Mx 1553#92,3,,0,4,,,1,2,2,2,3,3,3,3,,,,,,,,,,,,,,,,,20,25,25,30,30,35,40,50,55,55,55,60,65,70,70,70,70,70,75,75,75,75,75,75,75,,,,,,,,,,,,,a,a,a,a,f,f,f,f,f,f,f,,3,3,3,4,4
3,5,6,aBR 15 fS B3-R5 C6, - Goliath,3,,3,15,,,2,2,3,3,3,,,,,,,,,,,,,,20,25,25,30,35,35,40,55,65,75,85,90,95,110,115,120,120,120,125,125,125,125,120,120,120,120,120,120,120,115,115,,,,,,,,,,a,f,f,f,f,f,f,f,f,f,f,f,f,f,,4,4,4,4,4
3,5,7,28060, - Mx 1553#81,3,,0,1,2,,1,1,1,2,3,3,3,3,,,,,,,,,,,,,,,,,20,25,30,30,35,35,35,40,45,50,50,55,60,65,70,70,75,75,75,75,75,75,70,70,70,,,,,,,,,,,,a,a,a,f,f,f,f,f,f,f,f,f,,3,3,4,4,4
3,5,8,28069, - Mx 1553#16,3,,4,18,,,1,2,2,3,3,3,3,3,,,,,,,,,,,,,,,,,20,20,25,30,35,40,45,50,60,65,65,70,70,80,85,85,80,85,85,80,80,80,80,80,80,,,,,,,,,,,a,a,a,f,f,f,f,f,f,f,f,f,f,,4,4,4,4,4
3,5,9,28078, - Mx 1553#77,3,,2,16,2,,2,3,3,3,3,,,,,,,,,,,,,,,20,20,20,25,25,30,40,50,60,65,75,85,95,105,110,115,120,125,120,125,125,125,130,130,130,125,125,125,125,125,,,,,,,,,,,,a,a,a,f,f,f,f,f,f,f,f,f,,4,4,4,4,4
3,5,10,28087, - Mx 1553#109,3,,0,6,,,2,2,3,3,3,,,,,,,,,,,,,,,,20,20,20,25,25,35,45,50,55,60,70,70,80,90,90,90,100,105,110,110,115,115,115,115,115,115,115,115,115,,,,,,,,,,,,,,a,a,a,a,f,f,f,f,f,f,,3,3,3,4,4
3,5,11,28096, - Mx 1553#44,3,,1,8,,,1,2,2,2,2,3,3,,,,,,,,,,,,,,,,,20,20,20,25,30,30,35,45,45,45,45,45,50,50,55,55,55,55,55,55,55,55,55,55,55,55,,,,,,,,,,,,,,,,,,,,,,,,,0,0,0,0,0
3,5,12,28105, - Mx 1553#50,3,,0,16,,,1,2,2,2,2,3,3,,,,,,,,,,,,,,,,,20,20,25,30,40,40,45,50,55,55,55,55,60,60,60,65,65,65,65,65,65,65,65,65,65,65,,,,,,,,,,,,,,,,,,,,,,,,,0,0,0,0,0
3,6,12,aBR 15 fS B3-R6 C12, - Goliath,3,,2,5,,,2,2,3,3,3,,,,,,,,,,,,,,,20,20,20,20,20,20,25,30,35,40,45,60,60,70,70,70,80,85,85,90,90,90,90,90,90,90,90,90,90,85,,,,,,,,,,,,f,f,f,f,f,f,f,f,f,f,f,f,,4,4,4,4,4
3,6,11,28097, - Mx 1553#61,3,,3,12,,,1,1,2,2,2,3,3,,,,,,,,,,,,,,,,,20,20,25,30,35,35,40,45,50,60,65,65,70,70,70,80,85,80,85,85,85,85,85,85,85,85,,,,,,,,,,,,,,,a,a,a,f,f,f,f,f,f,,3,3,3,4,4
3,6,10,28088, - Mx 1553#53,3,,2,4,3,,1,2,2,3,3,,,,,,,,,,,,,,,,,20,20,25,25,40,50,65,70,75,80,85,95,100,105,110,110,110,110,115,110,110,110,105,105,105,105,105,105,,,,,,,,,,,,a,a,a,a,f,f,f,f,f,f,f,f,,4,4,4,4,4
3,6,9,28079, - Mx 1553#63,3,,7,30,2,,1,2,2,3,3,,,,,,,,,,,,,,,,,20,25,30,30,40,50,60,65,70,75,80,85,90,100,100,100,105,105,105,105,105,105,105,105,105,105,105,105,,,,,,,,,,,,,,,a,f,f,f,f,f,f,f,f,,4,4,4,4,4
3,6,8,28070, - Mx 1553#26,3,,0,0,,,0,0,0,0,0,0,0,1,1,2,2,2,3,3,3,,,,,,,,,,,,,,,,,20,25,25,25,25,30,30,35,30,30,35,40,40,40,35,35,35,35,,,,,,,,,,,,,,,,,,,,,,,,,0,0,0,0,0
3,6,7,28061, - Mx 1553#74,3,,0,4,,,1,1,1,2,3,3,,,,,,,,,,,,,,,,,20,20,20,25,30,35,40,40,45,50,55,65,65,70,75,80,85,90,90,90,90,90,85,85,85,85,85,,,,,,,,,,,a,a,a,a,a,f,f,f,f,f,f,f,f,,4,4,4,4,4
3,6,6,28053, - Mx 1553#18,3,,5,33,,,2,2,2,3,3,3,3,,,,,,,,,,,,,,,,,20,20,20,25,30,30,35,45,45,55,55,60,65,70,70,75,75,75,75,75,70,70,70,70,70,70,,,,,,,,,,a,a,a,f,f,f,f,f,f,f,f,f,f,f,,4,4,4,4,4
3,6,5,28045, - Mx 1553#49,3,,1,9,,,1,2,2,3,3,3,3,,,,,,,,,,,,,,,,,20,20,25,30,30,35,40,50,50,60,65,70,75,80,80,85,90,90,90,90,85,85,85,85,85,85,,,,,,,,,,,,,,a,a,a,f,f,f,f,f,f,f,,3,3,4,4,4
3,6,4,28036, - Mx 1553#15,3,,5,15,4,,2,2,2,3,3,,,,,,,,,,,,,,,20,20,20,20,25,25,40,45,50,55,55,65,75,85,85,90,95,100,105,105,110,110,110,105,105,100,100,100,100,100,,,,,,,,,,,a,a,a,a,f,f,f,f,f,f,f,f,f,,4,4,4,4,4
3,6,3,28028, - Mx 1553#114,3,,0,3,,,1,1,2,2,2,3,3,3,3,,,,,,,,,,,,,,,,,20,25,25,30,30,35,35,35,35,35,30,30,30,30,30,30,30,30,30,30,30,30,30,30,,,,,,,,,,,,,,,,,,,,,,,,,0,0,0,0,0
3,6,2,28019, - Mx 1553#10,3,,4,18,3,,2,2,3,3,3,,,,,,,,,,,,,,,,20,20,20,20,20,25,30,35,40,45,50,60,70,75,80,85,90,95,100,105,105,105,105,105,105,105,105,105,105,,,,,,,,,,,,,a,a,a,f,f,f,f,f,f,f,f,,4,4,4,4,4
3,6,1,28011, - Mx 1553#120,3,,2,14,,,1,2,2,3,3,3,,,,,,,,,,,,,,,,,20,20,20,20,30,30,35,35,45,45,55,60,60,60,65,70,75,80,80,85,85,85,85,85,85,80,80,,,,,,,,,,,,,,,a,a,a,a,f,f,f,f,f,,3,3,3,4,4
3,7,1,28012, - Mx 1553#102,3,,0,5,,,2,2,2,2,3,3,,,,,,,,,,,,,,,,,20,20,20,25,30,35,35,40,45,50,55,60,65,65,75,80,85,85,85,85,85,85,85,85,85,85,85,,,,,,,,,,,a,a,a,a,f,f,f,f,f,f,f,f,f,,4,4,4,4,4
3,7,2,28020, - Mx 1553#11,3,,0,0,,,1,1,1,2,2,3,,,,,,,,,,,,,,,,,20,20,20,30,45,50,55,60,70,75,75,85,90,90,95,100,105,110,105,105,105,105,105,105,105,105,105,,,,,,,,,,,,a,a,a,f,f,f,f,f,f,f,f,f,,4,4,4,4,4
3,7,3,28029, - Mx 1553#105,3,,0,3,,,1,2,2,2,3,3,,,,,,,,,,,,,,,,,25,25,25,25,40,45,55,55,65,65,75,80,85,85,90,95,100,95,95,90,95,95,95,95,95,90,90,,,,,,,,,,,,a,a,a,f,f,f,f,f,f,f,f,f,,4,4,4,4,4
3,7,4,28037, - Mx 1553#112,3,,0,0,,,0,1,1,1,1,2,3,3,3,3,3,3,3,,,,,,,,,,,,,,,,,20,25,30,30,35,35,35,40,40,45,45,45,45,50,50,45,45,45,45,45,,,,,,,,,,,,,,,,,,,,,,,,,0,0,0,0,0
3,7,5,28046, - Mx 1553#69,3,,2,30,6,,2,2,3,3,3,,,,,,,,,,,,,,,,20,20,20,25,25,35,50,60,60,65,75,90,95,100,110,110,115,115,120,120,120,120,125,125,120,120,120,120,120,,,,,,,,,,,,,a,a,a,a,f,f,f,f,f,f,f,,3,4,4,4,4
3,7,6,28054, - Mx 1553#12,3,,22 inc 2 new,41,3,,2,3,3,3,3,,,,,,,,,,,,,,20,20,25,25,25,30,30,35,40,45,50,55,65,70,75,80,90,90,90,100,105,105,105,105,105,105,105,105,105,105,105,,,,,,,,,,,,a,a,f,f,f,f,f,f,f,f,f,f,,3,4,4,4,4
3,7,7,28062, - Mx 1553#76,3,,1,1,,,1,1,1,2,3,3,,,,,,,,,,,,,,,,,20,20,20,25,30,35,40,50,55,60,70,70,80,85,85,90,95,95,90,90,95,95,95,95,95,90,90,,,,,,,,,,,a,a,a,a,f,f,f,f,f,f,f,f,f,,4,4,4,4,4
3,7,8,28071, - Mx 1553#11,3,,0,0,2,,1,2,2,3,3,3,,,,,,,,,,,,,,,,,20,20,25,35,45,50,60,65,70,75,90,95,100,100,105,105,110,110,110,110,110,110,110,110,110,105,105,,,,,,,,,,,,,a,a,a,f,f,f,f,f,f,f,f,,3,4,4,4,4
3,7,9,28080, - Mx 1553#36,3,,3,27,1,,2,2,3,3,3,,,,,,,,,,,,,,,20,20,25,25,25,30,45,55,60,70,75,80,90,105,110,110,115,125,120,125,125,130,130,130,135,130,130,130,130,130,,,,,,,,,,,,,,,a,a,a,f,f,f,f,f,f,,3,3,3,4,4
3,7,10,28089, - Mx 1553#104,3,,0,3,3,,1,2,2,3,3,3,,,,,,,,,,,,,,,,,20,20,20,25,40,40,40,45,45,50,60,60,60,65,75,75,80,90,90,90,95,95,95,90,90,85,85,,,,,,,,,,,,,a,a,f,f,f,f,f,f,f,f,f,,4,4,4,4,4
3,7,11,28098, - Mx 1553#27,3,,0,2,,,1,1,1,2,2,3,3,3,,,,,,,,,,,,,,,,,20,25,30,30,30,35,40,50,50,50,50,55,55,55,65,65,65,65,65,65,65,60,60,60,60,,,,,,,,,,,,,,,,,,,,,,,,,0,0,0,0,0
3,7,12,28106, - Mx 1553#89,3,,0,1,3,,1,1,2,2,2,3,,,,,,,,,,,,,,,,,20,20,20,30,40,40,45,60,65,65,80,80,85,90,95,100,105,110,105,105,110,110,110,110,110,105,105,,,,,,,,,,a,a,a,a,f,f,f,f,f,f,f,f,f,f,,4,4,4,4,4
3,8,12,28107, - Mx 1553#19,3,,2,6,1,,1,1,1,2,2,3,3,3,3,,,,,,,,,,,,,,,,,20,25,25,30,35,40,45,50,55,55,55,60,65,70,70,75,75,75,75,75,70,70,65,65,,,,,,,,,,,,,a,a,a,a,f,f,f,f,f,f,f,,3,3,3,4,4
3,8,11,28099, - Mx 1553#88,3,,7 inc 2 new,18,2,,2,2,2,3,3,,,,,,,,,,,,,,,,,20,20,20,25,30,30,35,40,45,45,50,60,65,65,70,70,70,80,80,85,90,90,90,90,85,85,85,85,,,,,,,,,,,,,a,a,a,f,f,f,f,f,f,f,f,,4,4,4,4,4
3,8,10,28090, - Mx 1553#66,3,,1,3,,,1,2,2,2,2,3,3,3,3,,,,,,,,,,,,,,,,,20,20,20,25,25,30,30,35,35,35,40,40,45,50,50,45,45,45,45,45,45,45,45,45,,,,,,,,,,,,,,,,,a,a,a,a,a,a,a,,1,1,1,1,1
3,8,9,28081, - Mx 1553#40,3,,2,3,,,1,2,2,2,3,3,,,,,,,,,,,,,,,,,20,25,25,30,40,45,50,50,55,65,75,80,85,90,90,95,100,100,100,100,100,100,100,100,100,100,95,,,,,,,,,,,,,,,,,,,,,,,,,0,0,0,0,0
3,8,8,28072, - Mx 1553#84,3,,0,0,,,1,1,1,2,3,3,3,3,3,,,,,,,,,,,,,,,,,20,25,25,25,35,40,45,50,55,60,65,65,75,75,80,80,85,85,85,85,85,85,80,80,,,,,,,,,,,,,,a,a,a,a,f,f,f,f,f,f,,3,3,3,3,4
3,8,7,28063, - Mx 1553#20,3,,0,0,1,,1,1,2,2,3,3,3,3,3,,,,,,,,,,,,,,,,,20,25,25,30,30,35,40,45,45,50,50,50,50,55,60,55,60,65,60,60,60,60,60,60,,,,,,,,,,,,,,,,a,a,a,a,a,a,a,a,,1,1,1,1,1
3,8,6,28055, - Mx 1553#118,3,,0,3,,,1,1,1,2,2,3,3,3,3,3,,,,,,,,,,,,,,,,,20,20,25,25,30,35,40,40,40,40,45,45,45,45,45,45,45,45,45,45,45,45,45,,,,,,,,,,,,,,,,,,,,,,,,,0,0,0,0,0
3,8,5,28047, - Mx 1553#17,3,,1,3,2,,2,2,2,2,2,2,2,3,3,,,,,,,,,,,,,,,,,20,25,30,40,45,45,50,70,70,75,75,80,85,90,95,95,95,95,95,95,95,90,90,90,,,,,,,,,,,,,a,a,a,f,f,f,f,f,f,f,f,,4,4,4,4,4
3,8,4,28038, - Mx 1553#71,3,,8,29,2,,2,3,3,3,3,,,,,,,,,,,,,,,20,20,20,20,20,20,25,40,45,50,60,60,70,80,85,90,95,95,95,100,105,105,105,105,105,105,105,105,105,105,,,,,,,,,,,,,a,f,f,f,f,f,f,f,f,f,f,,4,4,4,4,4
3,8,3,28030, - Mx 1553#97,3,,0,0,,,0,0,0,0,0,0,0,0,0,0,0,0,0,0,0,0,0,,,,,,,,,,,,,,,,,,,,,,,,,,,,,,,,,,,,,,,,,,,,,,,,,,,,,,,,,,,,,
3,8,2,28021, - Mx 1553#4,3,,0,8,3,,2,2,2,3,3,3,3,,,,,,,,,,,,,,,,,20,20,25,35,40,40,50,55,65,70,70,80,80,80,80,90,95,95,95,100,100,100,100,100,100,100,,,,,,,,,,,,,,,a,a,f,f,f,f,f,f,f,,3,3,3,4,4
3,8,1,28013, - Mx 1553#72,3,,1,9,6,,2,2,2,3,3,3,3,,,,,,,,,,,,,,,,,20,25,35,50,65,70,70,75,85,90,95,100,100,100,95,105,110,105,110,110,105,105,105,105,105,105,,,,,,,,,,,,,a,a,a,f,f,f,f,f,f,f,f,,4,4,4,4,4
3,9,1,28014, - Mx 1553#6,3,,14 inc 2 new,25,2,,2,2,2,3,3,3,3,3,3,,,,,,,,,,,,,,,,,25,30,40,45,45,45,55,65,70,80,80,85,85,95,100,100,100,100,95,95,95,95,90,90,,,,,,,,,,,,a,a,a,f,f,f,f,f,f,f,f,f,,4,4,4,4,4
3,9,2,28022, - Mx 1553#100,3,,0,3,,,1,2,2,3,3,3,,,,,,,,,,,,,,,,,20,20,20,30,40,45,45,50,55,60,70,70,70,75,80,80,85,85,80,80,85,85,85,85,80,80,75,,,,,,,,a,a,a,f,f,f,f,f,f,f,f,f,f,f,f,f,,4,4,4,4,4
3,9,3,28031, - Mx 1553#99,3,,3,9,,,2,2,2,2,3,3,3,3,3,,,,,,,,,,,,,,,,,20,30,30,35,35,40,45,50,60,60,65,70,75,80,85,85,85,85,90,90,90,90,90,85,,,,,,,,,,,,,,a,a,a,a,f,f,f,f,f,f,,3,3,3,3,4
3,9,4,28039, - Mx 1553#60,3,,1,6,,,1,2,2,2,3,3,,,,,,,,,,,,,,,,,20,20,25,25,35,40,40,45,55,55,65,70,75,75,80,85,90,90,90,90,90,90,90,90,85,85,85,,,,,,,,,,,,a,a,a,f,f,f,f,f,f,f,f,f,,3,4,4,4,4
3,9,5,28048, - Mx 1553#95,3,,2,13,14,,2,2,2,2,3,3,3,,,,,,,,,,,,,,,,,20,25,30,45,45,50,55,60,70,80,85,90,90,95,95,100,105,105,105,105,105,105,105,100,100,100,,,,,,,,,,,,a,a,f,f,f,f,f,f,f,f,f,f,,4,4,4,4,4
3,9,6,aBR 15 fS B3-R9 C6,giganteus,3,,4,13,1,,1,2,2,2,3,3,3,,,,,,,,,,,,,,,,,20,20,20,25,25,30,35,40,40,45,50,50,50,50,55,55,55,55,55,55,55,55,55,55,55,55,,,,,,,,,,,,,,,,,,,,,,,,,0,0,0,0,0
3,9,7,28064, - Mx 1553#39,3,,1,15,,,1,2,2,3,3,3,3,,,,,,,,,,,,,,,,,20,25,35,50,60,65,70,75,85,95,100,110,115,115,115,120,125,120,125,130,130,130,125,120,115,115,,,,,,,,,,,,,,,a,a,a,f,f,f,f,f,f,,3,3,3,4,4
3,9,8,28073, - Mx 1553#67,3,,0,5,,,1,1,1,2,2,3,3,,,,,,,,,,,,,,,,,20,20,25,35,40,45,45,50,55,65,65,65,65,70,75,80,80,85,90,90,90,90,90,85,85,85,,,,,,,,,,,,,,,,a,a,a,a,f,f,f,f,,2,3,3,4,4
3,9,9,28082, - Mx 1553#42,3,,0,2,,,1,1,1,2,3,3,3,3,,,,,,,,,,,,,,,,,20,20,20,25,25,30,35,35,40,45,45,45,55,55,60,60,65,60,60,55,55,55,55,55,55,,,,,,,,,,a,a,a,a,f,f,f,f,f,f,f,f,f,f,,4,4,4,4,4
3,9,10,28091, - Mx 1553#35,3,,6,12,,,2,2,2,3,3,3,,,,,,,,,,,,,,,,,20,20,20,25,30,35,40,40,50,55,60,60,60,65,70,70,75,80,80,80,85,85,85,80,80,80,80,,,,,,,,,,,,,,,,,,,,,a,a,a,,0,1,1,1,1
3,9,11,28100, - Mx 1553#8,3,,0,5,,,1,2,3,3,,,,,,,,,,,,,,,,20,25,25,25,30,30,40,55,60,65,70,75,80,85,95,100,105,105,105,110,110,115,115,120,120,120,120,120,120,120,,,,,,,,,,,,,,,,,,,a,a,a,a,a,,1,1,1,1,1
3,9,12,28108, - Mx 1553#82,3,,2,5,,,1,2,2,3,3,,,,,,,,,,,,,,,,,20,25,30,35,45,65,70,80,85,90,100,110,110,115,120,120,120,120,120,120,125,125,125,125,125,125,125,125,,,,,,,,,,,,,,a,a,a,f,f,f,f,f,f,f,,3,3,3,4,4
